Date,Open,High,Low,Close,Adj Close,Volume
2011-12-28,20.155500,20.625000,20.119301,20.552799,17.289133,7428
2011-12-29,null,null,null,null,null,null
2011-12-30,null,null,null,null,null,null
2012-01-02,null,null,null,null,null,null
2012-01-03,null,null,null,null,null,null
2012-01-04,null,null,null,null,null,null
2012-01-05,null,null,null,null,null,null
2012-01-06,20.841801,21.383600,20.733400,20.769501,17.471426,6208
2012-01-09,null,null,null,null,null,null
2012-01-10,20.227699,20.950100,20.155500,20.588900,17.319502,3970
2012-01-11,null,null,null,null,null,null
2012-01-12,null,null,null,null,null,null
2012-01-13,null,null,null,null,null,null
2012-01-16,null,null,null,null,null,null
2012-01-17,null,null,null,null,null,null
2012-01-18,null,null,null,null,null,null
2012-01-30,null,null,null,null,null,null
2012-01-31,null,null,null,null,null,null
2012-02-01,null,null,null,null,null,null
2012-02-02,null,null,null,null,null,null
2012-02-03,null,null,null,null,null,null
2012-02-06,null,null,null,null,null,null
2012-02-07,null,null,null,null,null,null
2012-02-08,null,null,null,null,null,null
2012-02-09,null,null,null,null,null,null
2012-02-10,27.018400,27.162901,26.296000,26.982300,22.697668,2903
2012-02-13,null,null,null,null,null,null
2012-02-14,null,null,null,null,null,null
2012-02-15,null,null,null,null,null,null
2012-02-16,null,null,null,null,null,null
2012-02-17,null,null,null,null,null,null
2012-02-20,null,null,null,null,null,null
2012-02-21,null,null,null,null,null,null
2012-02-22,null,null,null,null,null,null
2012-02-23,null,null,null,null,null,null
2012-02-24,null,null,null,null,null,null
2012-02-29,null,null,null,null,null,null
2012-03-01,null,null,null,null,null,null
2012-03-02,null,null,null,null,null,null
2012-03-05,null,null,null,null,null,null
2012-03-06,29.980400,30.413799,28.535500,30.269300,25.462711,13038
2012-03-07,null,null,null,null,null,null
2012-03-08,null,null,null,null,null,null
2012-03-09,null,null,null,null,null,null
2012-03-12,null,null,null,null,null,null
2012-03-13,null,null,null,null,null,null
2012-03-14,null,null,null,null,null,null
2012-03-15,null,null,null,null,null,null
2012-03-16,null,null,null,null,null,null
2012-03-19,null,null,null,null,null,null
2012-03-20,31.063999,31.461300,30.738899,30.847200,25.948845,5288
2012-03-21,null,null,null,null,null,null
2012-03-22,null,null,null,null,null,null
2012-03-23,null,null,null,null,null,null
2012-03-26,null,null,null,null,null,null
2012-03-27,null,null,null,null,null,null
2012-03-28,null,null,null,null,null,null
2012-03-29,null,null,null,null,null,null
2012-03-30,30.486000,30.558300,29.330200,30.558300,25.705822,6124
2012-04-02,null,null,null,null,null,null
2012-04-03,null,null,null,null,null,null
2012-04-05,null,null,null,null,null,null
2012-04-06,null,null,null,null,null,null
2012-04-09,null,null,null,null,null,null
2012-04-10,null,null,null,null,null,null
2012-04-11,null,null,null,null,null,null
2012-04-12,null,null,null,null,null,null
2012-04-13,null,null,null,null,null,null
2012-04-16,null,null,null,null,null,null
2012-04-17,null,null,null,null,null,null
2012-04-18,null,null,null,null,null,null
2012-04-19,29.908100,30.016500,29.185699,29.619101,24.915760,2993
2012-04-20,29.619101,29.835899,29.257900,29.583000,24.885393,3178
2012-04-23,29.330200,29.474701,28.246500,28.896700,24.308071,5897
2012-04-24,null,null,null,null,null,null
2012-04-25,null,null,null,null,null,null
2012-04-26,null,null,null,null,null,null
2012-04-27,null,null,null,null,null,null
2012-04-30,30.449900,31.100100,30.449900,30.919500,26.009666,4679
2012-05-02,null,null,null,null,null,null
2012-05-03,null,null,null,null,null,null
2012-05-04,null,null,null,null,null,null
2012-05-07,32.292099,32.400501,31.677999,32.075401,26.982016,3677
2012-05-08,null,null,null,null,null,null
2012-05-09,null,null,null,null,null,null
2012-05-10,null,null,null,null,null,null
2012-05-11,32.075401,32.183701,31.425200,31.605801,26.586985,2071
2012-05-14,null,null,null,null,null,null
2012-05-15,null,null,null,null,null,null
2012-05-16,null,null,null,null,null,null
2012-05-17,null,null,null,null,null,null
2012-05-18,null,null,null,null,null,null
2012-05-21,null,null,null,null,null,null
2012-05-22,null,null,null,null,null,null
2012-05-23,null,null,null,null,null,null
2012-05-24,null,null,null,null,null,null
2012-05-25,null,null,null,null,null,null
2012-05-28,null,null,null,null,null,null
2012-05-29,null,null,null,null,null,null
2012-05-30,null,null,null,null,null,null
2012-05-31,null,null,null,null,null,null
2012-06-01,null,null,null,null,null,null
2012-06-04,null,null,null,null,null,null
2012-06-05,null,null,null,null,null,null
2012-06-06,null,null,null,null,null,null
2012-06-07,null,null,null,null,null,null
2012-06-08,null,null,null,null,null,null
2012-06-11,null,null,null,null,null,null
2012-06-12,null,null,null,null,null,null
2012-06-13,null,null,null,null,null,null
2012-06-14,null,null,null,null,null,null
2012-06-15,null,null,null,null,null,null
2012-06-18,null,null,null,null,null,null
2012-06-19,31.461300,31.966999,31.100100,31.280701,26.313509,5579872
2012-06-20,null,null,null,null,null,null
2012-06-21,null,null,null,null,null,null
2012-06-22,null,null,null,null,null,null
2012-06-25,31.605801,31.750299,31.172300,31.172300,26.222321,1827197
2012-06-26,null,null,null,null,null,null
2012-06-27,null,null,null,null,null,null
2012-06-28,null,null,null,null,null,null
2012-06-29,null,null,null,null,null,null
2012-07-02,null,null,null,null,null,null
2012-07-03,null,null,null,null,null,null
2012-07-04,null,null,null,null,null,null
2012-07-05,null,null,null,null,null,null
2012-07-06,null,null,null,null,null,null
2012-07-09,null,null,null,null,null,null
2012-07-10,null,null,null,null,null,null
2012-07-11,null,null,null,null,null,null
2012-07-12,null,null,null,null,null,null
2012-07-13,null,null,null,null,null,null
2012-07-16,null,null,null,null,null,null
2012-07-17,34.098099,34.712200,33.989799,34.062000,28.653152,10412254
2012-07-18,null,null,null,null,null,null
2012-07-19,null,null,null,null,null,null
2012-07-20,null,null,null,null,null,null
2012-07-23,null,null,null,null,null,null
2012-07-24,null,null,null,null,null,null
2012-07-25,null,null,null,null,null,null
2012-07-26,null,null,null,null,null,null
2012-07-27,null,null,null,null,null,null
2012-07-30,null,null,null,null,null,null
2012-07-31,null,null,null,null,null,null
2012-08-01,null,null,null,null,null,null
2012-08-02,null,null,null,null,null,null
2012-08-03,null,null,null,null,null,null
2012-08-06,35.759701,37.060101,35.687500,36.337601,30.567400,10546525
2012-08-07,null,null,null,null,null,null
2012-08-08,null,null,null,null,null,null
2012-08-09,null,null,null,null,null,null
2012-08-10,null,null,null,null,null,null
2012-08-13,null,null,null,null,null,null
2012-08-14,null,null,null,null,null,null
2012-08-15,34.170399,34.748299,33.953701,34.676102,29.169741,6789697
2012-08-16,null,null,null,null,null,null
2012-08-17,null,null,null,null,null,null
2012-08-20,null,null,null,null,null,null
2012-08-21,null,null,null,null,null,null
2012-08-22,null,null,null,null,null,null
2012-08-23,null,null,null,null,null,null
2012-08-24,null,null,null,null,null,null
2012-08-27,null,null,null,null,null,null
2012-08-28,null,null,null,null,null,null
2012-08-29,null,null,null,null,null,null
2012-08-30,null,null,null,null,null,null
2012-08-31,null,null,null,null,null,null
2012-09-03,36.337601,36.987801,36.084801,36.193100,30.445847,6375810
2012-09-04,null,null,null,null,null,null
2012-09-05,null,null,null,null,null,null
2012-09-06,36.012501,36.193100,35.687500,36.193100,30.445847,5006796
2012-09-07,null,null,null,null,null,null
2012-09-10,null,null,null,null,null,null
2012-09-11,null,null,null,null,null,null
2012-09-12,null,null,null,null,null,null
2012-09-13,36.482101,36.698799,35.759701,36.337601,30.567400,6026981
2012-09-14,null,null,null,null,null,null
2012-09-17,null,null,null,null,null,null
2012-09-18,null,null,null,null,null,null
2012-09-19,null,null,null,null,null,null
2012-09-20,null,null,null,null,null,null
2012-09-21,null,null,null,null,null,null
2012-09-24,null,null,null,null,null,null
2012-09-25,null,null,null,null,null,null
2012-09-26,null,null,null,null,null,null
2012-09-27,null,null,null,null,null,null
2012-09-28,null,null,null,null,null,null
2012-10-01,null,null,null,null,null,null
2012-10-02,39.371799,39.805199,39.227299,39.588501,33.302078,4693958
2012-10-03,null,null,null,null,null,null
2012-10-04,null,null,null,null,null,null
2012-10-05,null,null,null,null,null,null
2012-10-08,null,null,null,null,null,null
2012-10-09,null,null,null,null,null,null
2012-10-11,null,null,null,null,null,null
2012-10-12,null,null,null,null,null,null
2012-10-15,null,null,null,null,null,null
2012-10-16,null,null,null,null,null,null
2012-10-17,null,null,null,null,null,null
2012-10-18,38.938301,38.938301,37.999199,37.999199,31.965147,4361740
2012-10-19,null,null,null,null,null,null
2012-10-22,37.132301,37.999199,37.132301,37.999199,31.965147,15341533
2012-10-23,null,null,null,null,null,null
2012-10-24,null,null,null,null,null,null
2012-10-25,null,null,null,null,null,null
2012-10-26,null,null,null,null,null,null
2012-10-29,null,null,null,null,null,null
2012-10-30,null,null,null,null,null,null
2012-10-31,null,null,null,null,null,null
2012-11-01,null,null,null,null,null,null
2012-11-02,null,null,null,null,null,null
2012-11-05,null,null,null,null,null,null
2012-11-06,null,null,null,null,null,null
2012-11-07,null,null,null,null,null,null
2012-11-08,null,null,null,null,null,null
2012-11-09,null,null,null,null,null,null
2012-11-12,39.805199,42.044701,39.805199,41.755798,35.125225,34657218
2012-11-13,null,null,null,null,null,null
2012-11-14,null,null,null,null,null,null
2012-11-15,null,null,null,null,null,null
2012-11-16,null,null,null,null,null,null
2012-11-19,null,null,null,null,null,null
2012-11-20,null,null,null,null,null,null
2012-11-21,null,null,null,null,null,null
2012-11-22,null,null,null,null,null,null
2012-11-23,null,null,null,null,null,null
2012-11-26,null,null,null,null,null,null
2012-11-27,null,null,null,null,null,null
2012-11-28,null,null,null,null,null,null
2012-11-29,null,null,null,null,null,null
2012-11-30,null,null,null,null,null,null
2012-12-03,null,null,null,null,null,null
2012-12-04,null,null,null,null,null,null
2012-12-05,null,null,null,null,null,null
2012-12-06,null,null,null,null,null,null
2012-12-07,null,null,null,null,null,null
2012-12-10,44.934399,45.151100,44.717701,44.934399,37.799080,3927089
2012-12-11,null,null,null,null,null,null
2012-12-12,null,null,null,null,null,null
2012-12-13,48.257500,48.546501,47.607300,47.896301,40.290649,6489317
2012-12-14,null,null,null,null,null,null
2012-12-17,null,null,null,null,null,null
2012-12-18,null,null,null,null,null,null
2012-12-19,48.185299,48.618698,47.751801,48.402000,40.716045,5719680
2012-12-20,null,null,null,null,null,null
2012-12-21,null,null,null,null,null,null
2012-12-24,null,null,null,null,null,null
2012-12-25,46.957199,47.390598,46.090302,46.957199,39.500668,6256765
2012-12-26,null,null,null,null,null,null
2012-12-27,null,null,null,null,null,null
2012-12-28,null,null,null,null,null,null
2013-01-02,null,null,null,null,null,null
2013-01-03,null,null,null,null,null,null
2013-01-04,null,null,null,null,null,null
2013-01-07,null,null,null,null,null,null
2013-01-08,46.234699,46.957199,46.018002,46.523701,39.136009,6035287
2013-01-09,null,null,null,null,null,null
2013-01-10,null,null,null,null,null,null
2013-01-11,49.341099,50.424801,49.341099,50.352501,42.356815,16069643
2013-01-14,null,null,null,null,null,null
2013-01-15,null,null,null,null,null,null
2013-01-16,null,null,null,null,null,null
2013-01-17,null,null,null,null,null,null
2013-01-18,null,null,null,null,null,null
2013-01-21,null,null,null,null,null,null
2013-01-22,null,null,null,null,null,null
2013-01-23,null,null,null,null,null,null
2013-01-24,null,null,null,null,null,null
2013-01-25,null,null,null,null,null,null
2013-01-28,null,null,null,null,null,null
2013-01-29,null,null,null,null,null,null
2013-01-30,null,null,null,null,null,null
2013-01-31,null,null,null,null,null,null
2013-02-01,null,null,null,null,null,null
2013-02-04,null,null,null,null,null,null
2013-02-05,null,null,null,null,null,null
2013-02-06,null,null,null,null,null,null
2013-02-18,null,null,null,null,null,null
2013-02-19,null,null,null,null,null,null
2013-02-20,null,null,null,null,null,null
2013-02-21,null,null,null,null,null,null
2013-02-22,null,null,null,null,null,null
2013-02-25,null,null,null,null,null,null
2013-02-26,58.443600,60.321899,58.010201,59.310501,49.892342,12149475
2013-02-27,null,null,null,null,null,null
2013-03-01,null,null,null,null,null,null
2013-03-04,null,null,null,null,null,null
2013-03-05,null,null,null,null,null,null
2013-03-06,null,null,null,null,null,null
2013-03-07,null,null,null,null,null,null
2013-03-08,null,null,null,null,null,null
2013-03-11,null,null,null,null,null,null
2013-03-12,null,null,null,null,null,null
2013-03-13,61.188801,62.055698,60.683102,60.683102,51.046978,8604436
2013-03-14,null,null,null,null,null,null
2013-03-15,null,null,null,null,null,null
2013-03-18,59.671700,59.888500,56.276402,56.348598,47.400772,20146230
2013-03-19,null,null,null,null,null,null
2013-03-20,null,null,null,null,null,null
2013-03-21,null,null,null,null,null,null
2013-03-22,null,null,null,null,null,null
2013-03-25,null,null,null,null,null,null
2013-03-26,null,null,null,null,null,null
2013-03-27,null,null,null,null,null,null
2013-03-28,null,null,null,null,null,null
2013-03-29,null,null,null,null,null,null
2013-04-01,null,null,null,null,null,null
2013-04-02,null,null,null,null,null,null
2013-04-03,null,null,null,null,null,null
2013-04-08,null,null,null,null,null,null
2013-04-09,58.010201,58.732601,57.721199,57.721199,48.555412,5963306
2013-04-10,null,null,null,null,null,null
2013-04-11,null,null,null,null,null,null
2013-04-12,58.877102,59.816200,58.660400,59.021500,49.649227,10186623
2013-04-15,null,null,null,null,null,null
2013-04-16,null,null,null,null,null,null
2013-04-17,59.166000,60.249699,58.949299,59.960701,50.439293,10500845
2013-04-18,null,null,null,null,null,null
2013-04-19,null,null,null,null,null,null
2013-04-22,null,null,null,null,null,null
2013-04-23,null,null,null,null,null,null
2013-04-24,null,null,null,null,null,null
2013-04-25,null,null,null,null,null,null
2013-04-26,null,null,null,null,null,null
2013-04-29,null,null,null,null,null,null
2013-04-30,63.789501,64.150703,63.211601,64.150703,53.963947,6943348
2013-05-02,null,null,null,null,null,null
2013-05-03,null,null,null,null,null,null
2013-05-06,null,null,null,null,null,null
2013-05-07,null,null,null,null,null,null
2013-05-08,67.907303,68.557503,67.618301,68.485199,57.610153,6789697
2013-05-09,null,null,null,null,null,null
2013-05-10,null,null,null,null,null,null
2013-05-13,null,null,null,null,null,null
2013-05-14,null,null,null,null,null,null
2013-05-15,null,null,null,null,null,null
2013-05-16,null,null,null,null,null,null
2013-05-17,null,null,null,null,null,null
2013-05-20,null,null,null,null,null,null
2013-05-21,null,null,null,null,null,null
2013-05-22,66.462502,66.462502,63.572800,63.933998,53.781654,17988200
2013-05-23,null,null,null,null,null,null
2013-05-24,null,null,null,null,null,null
2013-05-27,null,null,null,null,null,null
2013-05-28,null,null,null,null,null,null
2013-05-29,null,null,null,null,null,null
2013-05-30,null,null,null,null,null,null
2013-05-31,65.017601,65.306602,64.439697,65.306602,54.936298,6321824
2013-06-03,null,null,null,null,null,null
2013-06-04,63.572800,64.006203,60.394100,61.044300,51.350822,15878618
2013-06-05,null,null,null,null,null,null
2013-06-06,null,null,null,null,null,null
2013-06-07,null,null,null,null,null,null
2013-06-10,null,null,null,null,null,null
2013-06-11,null,null,null,null,null,null
2013-06-13,null,null,null,null,null,null
2013-06-14,null,null,null,null,null,null
2013-06-17,null,null,null,null,null,null
2013-06-18,null,null,null,null,null,null
2013-06-19,null,null,null,null,null,null
2013-06-20,59.238300,59.310501,55.842899,55.842899,46.975372,25872831
2013-06-21,null,null,null,null,null,null
2013-06-24,null,null,null,null,null,null
2013-06-25,null,null,null,null,null,null
2013-06-26,null,null,null,null,null,null
2013-06-27,54.672600,56.579800,53.957401,56.579800,47.595261,49187082
2013-06-28,null,null,null,null,null,null
2013-07-01,null,null,null,null,null,null
2013-07-02,null,null,null,null,null,null
2013-07-03,null,null,null,null,null,null
2013-07-04,53.639500,54.195801,51.652901,52.447601,44.119228,19520301
2013-07-05,null,null,null,null,null,null
2013-07-08,null,null,null,null,null,null
2013-07-09,null,null,null,null,null,null
2013-07-10,null,null,null,null,null,null
2013-07-11,null,null,null,null,null,null
2013-07-12,null,null,null,null,null,null
2013-07-15,null,null,null,null,null,null
2013-07-16,null,null,null,null,null,null
2013-07-17,59.202202,59.758400,57.851200,58.566399,49.266399,11443890
2013-07-18,null,null,null,null,null,null
2013-07-19,null,null,null,null,null,null
2013-07-22,null,null,null,null,null,null
2013-07-23,null,null,null,null,null,null
2013-07-24,null,null,null,null,null,null
2013-07-25,null,null,null,null,null,null
2013-07-26,null,null,null,null,null,null
2013-07-29,null,null,null,null,null,null
2013-07-30,null,null,null,null,null,null
2013-07-31,null,null,null,null,null,null
2013-08-01,null,null,null,null,null,null
2013-08-02,null,null,null,null,null,null
2013-08-05,null,null,null,null,null,null
2013-08-06,null,null,null,null,null,null
2013-08-07,null,null,null,null,null,null
2013-08-08,null,null,null,null,null,null
2013-08-09,null,null,null,null,null,null
2013-08-12,null,null,null,null,null,null
2013-08-13,null,null,null,null,null,null
2013-08-14,null,null,null,null,null,null
2013-08-15,54.036900,55.069901,53.719002,54.116299,45.522949,10211916
2013-08-16,null,null,null,null,null,null
2013-08-19,null,null,null,null,null,null
2013-08-20,null,null,null,null,null,null
2013-08-22,null,null,null,null,null,null
2013-08-23,null,null,null,null,null,null
2013-08-26,null,null,null,null,null,null
2013-08-27,55.332199,55.681801,52.797199,53.583900,45.075092,30936048
2013-08-28,null,null,null,null,null,null
2013-08-29,null,null,null,null,null,null
2013-08-30,null,null,null,null,null,null
2013-09-02,null,null,null,null,null,null
2013-09-03,null,null,null,null,null,null
2013-09-04,null,null,null,null,null,null
2013-09-05,null,null,null,null,null,null
2013-09-06,null,null,null,null,null,null
2013-09-09,null,null,null,null,null,null
2013-09-10,null,null,null,null,null,null
2013-09-11,60.489498,61.014000,59.877602,60.576900,50.957645,17297280
2013-09-12,null,null,null,null,null,null
2013-09-13,null,null,null,null,null,null
2013-09-16,null,null,null,null,null,null
2013-09-17,null,null,null,null,null,null
2013-09-18,null,null,null,null,null,null
2013-09-23,null,null,null,null,null,null
2013-09-24,null,null,null,null,null,null
2013-09-25,null,null,null,null,null,null
2013-09-26,null,null,null,null,null,null
2013-09-27,60.314701,61.625900,59.615398,61.451000,51.692944,14153568
2013-09-30,null,null,null,null,null,null
2013-10-01,null,null,null,null,null,null
2013-10-02,null,null,null,null,null,null
2013-10-03,null,null,null,null,null,null
2013-10-04,null,null,null,null,null,null
2013-10-07,null,null,null,null,null,null
2013-10-08,62.674801,63.636398,62.674801,63.286701,53.237144,14764464
2013-10-09,null,null,null,null,null,null
2013-10-11,null,null,null,null,null,null
2013-10-14,null,null,null,null,null,null
2013-10-15,null,null,null,null,null,null
2013-10-16,null,null,null,null,null,null
2013-10-17,64.597900,65.122398,63.986000,63.986000,53.825397,10181600
2013-10-18,64.160797,64.510498,63.461498,63.811199,53.678356,5782920
2013-10-21,null,null,null,null,null,null
2013-10-22,null,null,null,null,null,null
2013-10-23,null,null,null,null,null,null
2013-10-24,null,null,null,null,null,null
2013-10-25,null,null,null,null,null,null
2013-10-28,null,null,null,null,null,null
2013-10-29,null,null,null,null,null,null
2013-10-30,null,null,null,null,null,null
2013-10-31,null,null,null,null,null,null
2013-11-01,null,null,null,null,null,null
2013-11-04,null,null,null,null,null,null
2013-11-05,null,null,null,null,null,null
2013-11-06,null,null,null,null,null,null
2013-11-07,null,null,null,null,null,null
2013-11-08,null,null,null,null,null,null
2013-11-11,null,null,null,null,null,null
2013-11-12,null,null,null,null,null,null
2013-11-13,null,null,null,null,null,null
2013-11-14,null,null,null,null,null,null
2013-11-15,null,null,null,null,null,null
2013-11-18,null,null,null,null,null,null
2013-11-19,null,null,null,null,null,null
2013-11-20,null,null,null,null,null,null
2013-11-21,null,null,null,null,null,null
2013-11-22,null,null,null,null,null,null
2013-11-25,null,null,null,null,null,null
2013-11-26,null,null,null,null,null,null
2013-11-27,null,null,null,null,null,null
2013-11-28,null,null,null,null,null,null
2013-11-29,null,null,null,null,null,null
2013-12-02,null,null,null,null,null,null
2013-12-03,null,null,null,null,null,null
2013-12-04,null,null,null,null,null,null
2013-12-05,null,null,null,null,null,null
2013-12-06,null,null,null,null,null,null
2013-12-09,null,null,null,null,null,null
2013-12-10,null,null,null,null,null,null
2013-12-11,72.115402,72.989502,70.804199,70.804199,59.560905,16874000
2013-12-12,null,null,null,null,null,null
2013-12-13,null,null,null,null,null,null
2013-12-16,null,null,null,null,null,null
2013-12-17,null,null,null,null,null,null
2013-12-18,null,null,null,null,null,null
2013-12-19,null,null,null,null,null,null
2013-12-20,null,null,null,null,null,null
2013-12-23,null,null,null,null,null,null
2013-12-24,null,null,null,null,null,null
2013-12-25,null,null,null,null,null,null
2013-12-26,null,null,null,null,null,null
2013-12-27,null,null,null,null,null,null
2013-12-30,null,null,null,null,null,null
2013-12-31,null,null,null,null,null,null
2014-01-02,null,null,null,null,null,null
2014-01-03,68.007004,68.618896,67.307701,67.832199,57.060841,11404536
2014-01-06,null,null,null,null,null,null
2014-01-07,null,null,null,null,null,null
2014-01-08,null,null,null,null,null,null
2014-01-09,null,null,null,null,null,null
2014-01-10,null,null,null,null,null,null
2014-01-13,null,null,null,null,null,null
2014-01-14,null,null,null,null,null,null
2014-01-15,null,null,null,null,null,null
2014-01-16,null,null,null,null,null,null
2014-01-17,null,null,null,null,null,null
2014-01-20,null,null,null,null,null,null
2014-01-21,68.618896,69.230797,67.395103,68.269203,57.428452,9281272
2014-01-22,null,null,null,null,null,null
2014-01-23,68.181801,69.318199,67.919601,67.919601,57.134361,6179888
2014-01-24,null,null,null,null,null,null
2014-01-27,null,null,null,null,null,null
2014-02-05,null,null,null,null,null,null
2014-02-06,null,null,null,null,null,null
2014-02-07,null,null,null,null,null,null
2014-02-10,null,null,null,null,null,null
2014-02-11,null,null,null,null,null,null
2014-02-12,null,null,null,null,null,null
2014-02-13,null,null,null,null,null,null
2014-02-14,65.472000,65.996498,64.860100,64.860100,54.560696,6243952
2014-02-17,null,null,null,null,null,null
2014-02-18,null,null,null,null,null,null
2014-02-19,null,null,null,null,null,null
2014-02-20,null,null,null,null,null,null
2014-02-21,66.870598,67.132896,65.996498,66.346199,55.810810,9381944
2014-02-24,null,null,null,null,null,null
2014-02-25,null,null,null,null,null,null
2014-02-26,null,null,null,null,null,null
2014-02-27,null,null,null,null,null,null
2014-03-03,null,null,null,null,null,null
2014-03-04,null,null,null,null,null,null
2014-03-05,null,null,null,null,null,null
2014-03-06,null,null,null,null,null,null
2014-03-07,null,null,null,null,null,null
2014-03-10,null,null,null,null,null,null
2014-03-11,null,null,null,null,null,null
2014-03-12,null,null,null,null,null,null
2014-03-13,null,null,null,null,null,null
2014-03-14,63.024502,63.111900,62.500000,62.937099,52.943058,3069352
2014-03-17,null,null,null,null,null,null
2014-03-18,null,null,null,null,null,null
2014-03-19,null,null,null,null,null,null
2014-03-20,null,null,null,null,null,null
2014-03-21,62.762199,63.111900,62.237801,62.500000,52.575363,3472040
2014-03-24,null,null,null,null,null,null
2014-03-25,null,null,null,null,null,null
2014-03-26,null,null,null,null,null,null
2014-03-27,null,null,null,null,null,null
2014-03-28,null,null,null,null,null,null
2014-03-31,null,null,null,null,null,null
2014-04-01,null,null,null,null,null,null
2014-04-02,null,null,null,null,null,null
2014-04-03,63.986000,65.384598,63.811199,64.860100,54.560696,9792640
2014-04-07,null,null,null,null,null,null
2014-04-08,null,null,null,null,null,null
2014-04-09,64.947502,65.297203,64.510498,64.510498,54.266609,4204200
2014-04-10,null,null,null,null,null,null
2014-04-11,null,null,null,null,null,null
2014-04-14,null,null,null,null,null,null
2014-04-15,null,null,null,null,null,null
2014-04-16,null,null,null,null,null,null
2014-04-17,null,null,null,null,null,null
2014-04-18,null,null,null,null,null,null
2014-04-21,null,null,null,null,null,null
2014-04-22,null,null,null,null,null,null
2014-04-23,65.996498,66.083900,65.297203,65.559402,55.148952,6095232
2014-04-24,null,null,null,null,null,null
2014-04-25,null,null,null,null,null,null
2014-04-28,null,null,null,null,null,null
2014-04-29,63.024502,63.811199,62.937099,63.374100,53.310661,3885024
2014-04-30,null,null,null,null,null,null
2014-05-02,null,null,null,null,null,null
2014-05-05,null,null,null,null,null,null
2014-05-06,null,null,null,null,null,null
2014-05-07,null,null,null,null,null,null
2014-05-08,null,null,null,null,null,null
2014-05-09,null,null,null,null,null,null
2014-05-12,63.374100,63.636398,61.800701,62.412601,52.501842,9997416
2014-05-13,null,null,null,null,null,null
2014-05-14,null,null,null,null,null,null
2014-05-15,null,null,null,null,null,null
2014-05-16,null,null,null,null,null,null
2014-05-19,null,null,null,null,null,null
2014-05-20,null,null,null,null,null,null
2014-05-21,null,null,null,null,null,null
2014-05-22,null,null,null,null,null,null
2014-05-23,null,null,null,null,null,null
2014-05-26,null,null,null,null,null,null
2014-05-27,null,null,null,null,null,null
2014-05-28,null,null,null,null,null,null
2014-05-29,null,null,null,null,null,null
2014-05-30,null,null,null,null,null,null
2014-06-03,null,null,null,null,null,null
2014-06-04,null,null,null,null,null,null
2014-06-05,null,null,null,null,null,null
2014-06-06,null,null,null,null,null,null
2014-06-09,null,null,null,null,null,null
2014-06-10,null,null,null,null,null,null
2014-06-11,null,null,null,null,null,null
2014-06-12,66.433601,67.132896,66.433601,66.433601,55.884335,11131120
2014-06-13,null,null,null,null,null,null
2014-06-16,null,null,null,null,null,null
2014-06-17,null,null,null,null,null,null
2014-06-18,null,null,null,null,null,null
2014-06-19,null,null,null,null,null,null
2014-06-20,null,null,null,null,null,null
2014-06-23,null,null,null,null,null,null
2014-06-24,null,null,null,null,null,null
2014-06-25,null,null,null,null,null,null
2014-06-26,null,null,null,null,null,null
2014-06-27,null,null,null,null,null,null
2014-06-30,null,null,null,null,null,null
2014-07-01,null,null,null,null,null,null
2014-07-02,null,null,null,null,null,null
2014-07-03,null,null,null,null,null,null
2014-07-04,null,null,null,null,null,null
2014-07-07,null,null,null,null,null,null
2014-07-08,null,null,null,null,null,null
2014-07-09,null,null,null,null,null,null
2014-07-10,null,null,null,null,null,null
2014-07-11,null,null,null,null,null,null
2014-07-14,null,null,null,null,null,null
2014-07-15,67.569901,67.744797,66.958000,67.482498,56.766674,9647352
2014-07-16,null,null,null,null,null,null
2014-07-17,null,null,null,null,null,null
2014-07-18,null,null,null,null,null,null
2014-07-21,null,null,null,null,null,null
2014-07-22,null,null,null,null,null,null
2014-07-23,null,null,null,null,null,null
2014-07-24,null,null,null,null,null,null
2014-07-25,null,null,null,null,null,null
2014-07-28,null,null,null,null,null,null
2014-07-29,null,null,null,null,null,null
2014-07-30,null,null,null,null,null,null
2014-07-31,null,null,null,null,null,null
2014-08-01,null,null,null,null,null,null
2014-08-04,null,null,null,null,null,null
2014-08-05,null,null,null,null,null,null
2014-08-06,null,null,null,null,null,null
2014-08-07,null,null,null,null,null,null
2014-08-08,null,null,null,null,null,null
2014-08-11,null,null,null,null,null,null
2014-08-12,null,null,null,null,null,null
2014-08-13,76.634598,76.923103,75.769203,76.057701,63.980183,6962800
2014-08-14,null,null,null,null,null,null
2014-08-15,null,null,null,null,null,null
2014-08-18,null,null,null,null,null,null
2014-08-19,null,null,null,null,null,null
2014-08-20,null,null,null,null,null,null
2014-08-21,null,null,null,null,null,null
2014-08-22,null,null,null,null,null,null
2014-08-25,null,null,null,null,null,null
2014-08-26,null,null,null,null,null,null
2014-08-27,null,null,null,null,null,null
2014-08-28,null,null,null,null,null,null
2014-08-29,null,null,null,null,null,null
2014-09-01,null,null,null,null,null,null
2014-09-02,null,null,null,null,null,null
2014-09-03,null,null,null,null,null,null
2014-09-04,null,null,null,null,null,null
2014-09-05,null,null,null,null,null,null
2014-09-09,null,null,null,null,null,null
2014-09-10,null,null,null,null,null,null
2014-09-11,null,null,null,null,null,null
2014-09-12,null,null,null,null,null,null
2014-09-15,null,null,null,null,null,null
2014-09-16,75.000000,75.000000,74.038498,74.230797,62.443378,2747680
2014-09-17,null,null,null,null,null,null
2014-09-18,null,null,null,null,null,null
2014-09-19,76.153801,77.211502,75.865402,76.153801,64.061020,5591040
2014-09-22,null,null,null,null,null,null
2014-09-23,null,null,null,null,null,null
2014-09-24,null,null,null,null,null,null
2014-09-25,null,null,null,null,null,null
2014-09-26,null,null,null,null,null,null
2014-09-29,null,null,null,null,null,null
2014-09-30,null,null,null,null,null,null
2014-10-01,null,null,null,null,null,null
2014-10-02,null,null,null,null,null,null
2014-10-03,null,null,null,null,null,null
2014-10-06,null,null,null,null,null,null
2014-10-07,null,null,null,null,null,null
2014-10-08,null,null,null,null,null,null
2014-10-09,null,null,null,null,null,null
2014-10-13,null,null,null,null,null,null
2014-10-14,null,null,null,null,null,null
2014-10-15,null,null,null,null,null,null
2014-10-16,null,null,null,null,null,null
2014-10-17,null,null,null,null,null,null
2014-10-20,null,null,null,null,null,null
2014-10-21,69.326897,69.326897,68.269203,68.750000,57.832901,2756000
2014-10-22,null,null,null,null,null,null
2014-10-23,null,null,null,null,null,null
2014-10-24,null,null,null,null,null,null
2014-10-27,null,null,null,null,null,null
2014-10-28,69.711502,70.192299,69.423103,70.000000,58.884407,2193360
2014-10-29,null,null,null,null,null,null
2014-10-30,null,null,null,null,null,null
2014-10-31,null,null,null,null,null,null
2014-11-03,72.115402,73.076897,72.019203,72.788498,61.230114,4048720
2014-11-04,null,null,null,null,null,null
2014-11-05,null,null,null,null,null,null
2014-11-06,72.019203,72.596199,72.019203,72.019203,60.582981,1506960
2014-11-07,null,null,null,null,null,null
2014-11-10,null,null,null,null,null,null
2014-11-11,null,null,null,null,null,null
2014-11-12,null,null,null,null,null,null
2014-11-13,null,null,null,null,null,null
2014-11-14,72.307701,73.076897,72.019203,72.019203,60.582981,2370160
2014-11-17,null,null,null,null,null,null
2014-11-18,null,null,null,null,null,null
2014-11-19,null,null,null,null,null,null
2014-11-20,null,null,null,null,null,null
2014-11-21,null,null,null,null,null,null
2014-11-24,null,null,null,null,null,null
2014-11-25,null,null,null,null,null,null
2014-11-26,null,null,null,null,null,null
2014-11-27,null,null,null,null,null,null
2014-11-28,null,null,null,null,null,null
2014-12-01,null,null,null,null,null,null
2014-12-02,null,null,null,null,null,null
2014-12-03,76.057701,77.884598,75.673103,76.923103,64.708168,8950240
2014-12-04,null,null,null,null,null,null
2014-12-05,76.730797,77.500000,76.538498,77.307701,65.031693,3681600
2014-12-08,null,null,null,null,null,null
2014-12-09,null,null,null,null,null,null
2014-12-10,null,null,null,null,null,null
2014-12-11,null,null,null,null,null,null
2014-12-12,76.826897,76.826897,75.288498,75.480797,63.494892,3042000
2014-12-15,null,null,null,null,null,null
2014-12-16,null,null,null,null,null,null
2014-12-17,null,null,null,null,null,null
2014-12-18,null,null,null,null,null,null
2014-12-19,null,null,null,null,null,null
2014-12-22,null,null,null,null,null,null
2014-12-23,null,null,null,null,null,null
2014-12-24,null,null,null,null,null,null
2014-12-25,null,null,null,null,null,null
2014-12-26,null,null,null,null,null,null
2014-12-29,null,null,null,null,null,null
2014-12-30,null,null,null,null,null,null
2014-12-31,null,null,null,null,null,null
2015-01-05,75.480797,75.480797,74.615402,75.000000,63.090443,1961440
2015-01-06,74.423103,74.423103,73.557701,74.038498,62.281624,5190640
2015-01-07,73.653801,73.942299,73.269203,73.653801,61.958008,3518320
2015-01-08,73.942299,74.519203,73.653801,74.519203,62.685989,2818400
2015-01-09,74.711502,74.807701,73.846199,74.615402,62.766914,2301520
2015-01-12,74.230797,74.326897,73.653801,73.653801,61.958008,2012400
2015-01-13,73.365402,73.461502,72.211502,72.980797,61.391876,6696560
2015-01-14,72.596199,72.788498,71.923103,71.923103,60.502129,3622320
2015-01-15,71.923103,71.923103,70.961502,70.961502,59.693230,4726800
2015-01-16,70.961502,72.307701,70.961502,71.730797,60.340363,4304560
2015-01-19,72.019203,72.403801,70.480797,71.634598,60.259445,4249440
2015-01-20,71.442299,72.307701,71.250000,72.115402,60.663895,1962480
2015-01-21,72.403801,72.692299,72.019203,72.692299,61.149185,2097680
2015-01-22,72.788498,73.942299,72.500000,73.461502,61.796242,3471520
2015-01-23,73.942299,73.942299,72.980797,73.750000,62.038929,3609840
2015-01-26,73.942299,73.942299,72.980797,73.653801,61.958008,2485600
2015-01-27,73.653801,74.134598,73.269203,73.653801,61.958008,3738800
2015-01-28,73.173103,73.557701,72.884598,73.173103,61.553638,2353520
2015-01-29,72.980797,73.942299,72.403801,72.692299,61.149185,3568240
2015-01-30,72.403801,72.980797,71.826897,71.826897,60.421207,3451760
2015-02-02,71.923103,72.596199,71.826897,71.923103,60.502129,2132000
2015-02-03,71.923103,73.461502,71.923103,72.980797,61.391876,3373760
2015-02-04,73.461502,73.653801,72.596199,72.980797,61.391876,2924480
2015-02-05,73.269203,73.557701,72.788498,73.365402,61.715401,1941680
2015-02-06,73.173103,73.557701,72.596199,72.692299,61.149185,2415920
2015-02-09,72.692299,73.365402,72.115402,72.307701,60.825661,2022800
2015-02-10,72.307701,73.173103,72.211502,72.980797,61.391876,2273440
2015-02-11,72.884598,73.557701,72.403801,72.788498,61.230114,2463760
2015-02-12,72.596199,73.173103,72.211502,72.403801,60.906498,1965600
2015-02-13,72.403801,73.076897,72.403801,72.788498,61.230114,1766960
2015-02-24,73.173103,73.557701,73.076897,73.557701,61.877174,3254160
2015-02-25,73.653801,73.750000,73.173103,73.557701,61.877174,2212080
2015-02-26,73.653801,73.653801,73.173103,73.461502,61.796242,1953120
2015-03-02,73.653801,74.711502,73.269203,74.038498,62.281624,4853680
2015-03-03,74.519203,74.711502,73.846199,74.038498,62.281624,4219280
2015-03-04,74.038498,74.134598,73.653801,73.846199,62.119858,2028000
2015-03-05,74.038498,74.230797,73.557701,74.134598,62.362465,3621280
2015-03-06,74.134598,74.615402,73.653801,74.423103,62.605148,4219280
2015-03-09,74.230797,74.519203,73.750000,74.423103,62.605148,2323360
2015-03-10,74.615402,75.480797,74.038498,75.000000,63.090443,5648240
2015-03-11,74.038498,75.192299,74.038498,75.000000,63.090443,4277520
2015-03-12,75.000000,75.288498,74.903801,75.000000,63.090443,1843920
2015-03-13,75.000000,75.384598,75.000000,75.288498,63.333126,2984800
2015-03-16,75.096199,75.480797,75.096199,75.384598,63.413960,2242240
2015-03-17,75.480797,75.961502,75.096199,75.576897,63.575733,3422640
2015-03-18,75.576897,75.865402,75.384598,75.865402,63.818417,3543280
2015-03-19,75.961502,77.307701,75.769203,76.923103,64.708168,5937360
2015-03-20,76.923103,77.403801,76.730797,77.403801,65.112534,5990400
2015-03-23,77.788498,78.557701,77.788498,78.365402,65.921440,7190560
2015-03-24,78.365402,78.750000,77.692299,78.365402,65.921440,4004000
2015-03-25,78.653801,78.653801,77.692299,78.173103,65.759674,2514720
2015-03-26,77.403801,77.788498,76.538498,77.211502,64.950768,3765840
2015-03-27,76.923103,76.923103,74.519203,74.519203,62.685989,7179120
2015-03-30,74.807701,75.192299,73.942299,75.000000,63.090443,4303520
2015-03-31,75.000000,75.192299,74.615402,75.000000,63.090443,3417440
2015-04-01,75.000000,75.576897,74.807701,74.903801,63.009510,2995200
2015-04-02,75.000000,75.961502,75.000000,75.961502,63.899258,3968640
2015-04-07,75.961502,76.250000,75.576897,76.153801,64.061020,1654640
2015-04-08,76.250000,76.250000,75.288498,75.769203,63.737503,3729440
2015-04-09,76.153801,77.307701,75.769203,76.730797,64.546402,4377360
2015-04-10,77.115402,77.115402,76.057701,76.538498,64.384628,1907360
2015-04-13,76.153801,76.538498,75.576897,76.442299,64.303711,3140800
2015-04-14,76.346199,76.538498,75.576897,75.961502,63.899258,2024880
2015-04-15,75.865402,76.346199,74.615402,75.000000,63.090443,2294240
2015-04-16,74.615402,75.865402,74.615402,75.865402,63.818417,1761760
2015-04-17,75.480797,75.865402,74.903801,75.576897,63.575733,1540240
2015-04-20,75.384598,75.480797,75.000000,75.000000,63.090443,1337440
2015-04-21,75.769203,75.769203,74.519203,75.000000,63.090443,3054480
2015-04-22,75.096199,75.480797,74.615402,75.384598,63.413960,2699840
2015-04-23,75.769203,78.076897,75.384598,77.692299,65.355209,10914800
2015-04-24,77.692299,78.365402,76.634598,77.788498,65.436142,5553600
2015-04-27,78.076897,83.076897,78.076897,82.692299,69.561241,26000000
2015-04-28,82.692299,83.557701,81.346199,81.634598,68.671494,11523200
2015-04-29,82.019203,82.692299,80.000000,81.730797,68.752419,7581600
2015-04-30,81.730797,81.826897,80.480797,80.865402,68.024452,5237440
2015-05-04,80.865402,80.865402,79.230797,79.326897,66.730247,4811040
2015-05-05,80.096199,80.576897,79.423103,79.711502,67.053780,4537520
2015-05-06,79.326897,80.000000,79.134598,79.807701,67.134712,3646240
2015-05-07,79.807701,79.807701,78.076897,78.076897,65.678741,4699760
2015-05-08,79.038498,79.230797,78.173103,78.461502,66.002274,4719520
2015-05-11,79.711502,81.250000,78.750000,80.000000,67.296463,7503600
2015-05-12,79.807701,80.096199,79.038498,79.326897,66.730247,4204720
2015-05-13,79.711502,80.769203,78.557701,78.653801,66.164040,6252480
2015-05-14,78.269203,78.269203,74.519203,75.384598,63.413960,14606800
2015-05-15,75.384598,76.057701,74.807701,75.000000,63.090443,4697680
2015-05-18,75.000000,75.000000,73.557701,74.423103,62.605148,5360160
2015-05-19,74.807701,76.250000,74.807701,75.865402,63.818417,3454880
2015-05-20,75.961502,77.211502,75.384598,75.673103,63.656662,4645680
2015-05-21,75.192299,75.192299,74.615402,74.711502,62.847755,2846480
2015-05-22,74.903801,75.384598,74.711502,74.903801,63.009510,1709760
2015-05-25,75.000000,75.288498,74.326897,74.519203,62.685989,2770560
2015-05-26,75.192299,75.576897,74.230797,74.615402,62.766914,3880240
2015-05-27,74.711502,75.288498,74.423103,75.000000,63.090443,3020160
2015-05-28,75.096199,75.288498,74.519203,74.615402,62.766914,3853200
2015-05-29,75.192299,75.288498,74.134598,74.615402,62.766914,5791760
2015-06-01,74.134598,74.519203,73.461502,73.653801,61.958008,3246880
2015-06-02,73.557701,74.519203,73.365402,73.653801,61.958008,2819440
2015-06-03,74.326897,74.326897,72.788498,73.173103,61.553638,3414320
2015-06-04,73.557701,73.557701,72.019203,73.173103,61.553638,4800640
2015-06-05,72.211502,73.269203,72.019203,73.269203,61.634480,3633760
2015-06-08,73.076897,74.423103,72.692299,73.750000,62.038929,2309840
2015-06-09,74.038498,74.134598,72.211502,73.269203,61.634480,3571360
2015-06-10,73.269203,73.653801,72.596199,73.557701,61.877174,1792960
2015-06-11,73.557701,73.653801,72.596199,73.173103,61.553638,2653040
2015-06-12,73.076897,73.365402,71.923103,72.596199,61.068348,4833920
2015-06-15,72.596199,73.076897,72.115402,73.076897,61.472717,1786720
2015-06-16,72.884598,72.980797,71.923103,72.500000,60.987427,2897440
2015-06-17,72.211502,72.307701,70.769203,71.346199,60.016838,5100160
2015-06-18,71.346199,71.634598,70.769203,71.346199,60.016838,3207360
2015-06-22,71.153801,71.826897,70.865402,71.057701,59.774155,4048720
2015-06-23,71.153801,71.730797,70.673103,70.865402,59.612385,4573920
2015-06-24,71.057701,71.442299,70.961502,71.153801,59.854992,1796080
2015-06-25,71.153801,71.634598,70.961502,71.538498,60.178608,3864640
2015-06-26,71.442299,71.730797,70.961502,71.538498,60.178608,3008720
2015-06-29,71.153801,71.634598,70.865402,71.153801,59.854992,2177760
2015-06-30,71.153801,72.115402,70.480797,71.538498,60.178608,4336800
2015-07-01,71.923103,73.653801,71.634598,73.557701,61.877174,5154240
2015-07-02,73.653801,73.846199,72.980797,73.173103,61.553638,4181840
2015-07-03,72.596199,74.326897,71.250000,74.038498,62.281624,6546800
2015-07-06,73.173103,73.846199,73.076897,73.076897,61.472717,3372720
2015-07-07,73.173103,74.038498,72.019203,72.500000,60.987427,3621280
2015-07-08,72.115402,72.596199,70.000000,70.961502,59.693230,7238400
2015-07-09,69.519203,69.519203,67.307701,67.596199,56.862316,10220080
2015-07-10,67.596199,67.596199,67.596199,67.596199,56.862316,0
2015-07-13,68.942299,69.519203,68.269203,68.750000,57.832901,6626880
2015-07-14,69.615402,70.000000,68.942299,69.230797,58.237347,3838640
2015-07-15,69.519203,69.711502,68.269203,68.269203,57.428452,4022720
2015-07-16,68.653801,69.134598,68.269203,68.557701,57.671143,4196400
2015-07-17,69.230797,69.615402,68.750000,69.615402,58.560886,2247440
2015-07-20,70.192299,70.384598,68.365402,68.461502,57.590214,4389840
2015-07-21,68.461502,68.942299,67.788498,68.076897,57.266685,4481360
2015-07-22,67.788498,68.365402,67.307701,68.365402,57.509377,4117360
2015-07-23,68.750000,69.423103,68.365402,69.423103,58.399117,3321760
2015-07-24,69.423103,69.903801,68.942299,69.423103,58.399117,3212560
2015-07-27,69.038498,69.326897,67.692299,67.788498,57.024082,5671120
2015-07-28,65.099998,65.699997,63.299999,65.300003,57.111763,6809000
2015-07-29,65.000000,65.500000,64.199997,65.500000,57.286682,4805000
2015-07-30,65.500000,66.400002,65.000000,65.699997,57.461605,3796000
2015-07-31,65.199997,65.800003,64.199997,65.800003,57.549065,4210000
2015-08-03,65.199997,65.199997,63.599998,64.500000,56.412075,4105000
2015-08-04,64.500000,64.500000,62.000000,62.900002,55.012711,4827000
2015-08-05,63.000000,64.199997,63.000000,63.900002,55.887318,2228000
2015-08-06,64.900002,64.900002,63.700001,63.700001,55.712395,2208000
2015-08-07,63.299999,64.199997,63.200001,63.900002,55.887318,1668000
2015-08-10,63.900002,66.000000,63.900002,65.900002,57.636528,2280000
2015-08-11,66.500000,67.000000,64.400002,65.000000,56.849384,4524000
2015-08-12,65.000000,65.000000,60.900002,61.599998,53.875721,9609000
2015-08-13,61.500000,62.200001,59.000000,60.099998,52.563812,13701000
2015-08-14,59.900002,60.500000,59.099998,60.299999,52.738735,3920000
2015-08-17,60.099998,60.799999,59.099998,59.099998,51.689205,3110000
2015-08-18,59.200001,59.700001,56.400002,56.599998,49.502689,9606000
2015-08-19,56.099998,56.700001,53.000000,53.700001,46.966331,9599000
2015-08-20,52.500000,53.500000,50.099998,51.799999,45.304581,13554000
2015-08-21,50.200001,50.500000,48.799999,49.400002,43.205532,11289000
2015-08-24,47.799999,48.700001,44.500000,45.900002,40.144409,11100000
2015-08-25,45.900002,50.000000,45.900002,50.000000,43.730293,14371000
2015-08-26,49.900002,50.500000,48.000000,50.099998,43.817749,13482000
2015-08-27,50.900002,51.799999,49.599998,51.000000,44.604897,10803000
2015-08-28,51.900002,52.900002,51.000000,52.400002,45.829346,6565000
2015-08-31,52.400002,52.500000,51.099998,52.299999,45.741886,4774000
2015-09-01,52.299999,53.400002,51.599998,51.799999,45.304581,5654000
2015-09-02,51.000000,51.500000,50.700001,51.099998,44.692356,4592000
2015-09-03,51.200001,51.700001,50.500000,50.799999,44.429977,4648000
2015-09-04,50.700001,51.500000,50.099998,50.299999,43.992676,4902000
2015-09-07,50.000000,50.299999,49.700001,49.849998,43.599102,3295000
2015-09-08,49.849998,50.400002,49.799999,49.950001,43.686562,2751000
2015-09-09,51.200001,54.400002,51.099998,53.900002,47.141254,10226000
2015-09-10,53.599998,56.400002,53.200001,55.200001,48.278244,10752000
2015-09-11,54.799999,55.700001,54.400002,55.200001,48.278244,5775000
2015-09-14,55.200001,55.400002,54.000000,54.299999,47.491096,3863000
2015-09-15,54.299999,54.400002,53.000000,53.799999,47.053795,4225000
2015-09-16,54.099998,54.400002,53.400002,53.799999,47.053795,2766000
2015-09-17,54.400002,55.599998,54.299999,55.000000,48.103321,5425000
2015-09-18,55.299999,55.900002,54.700001,55.099998,48.190781,4397000
2015-09-21,53.799999,54.299999,52.700001,52.799999,46.179188,6463000
2015-09-22,53.000000,53.500000,52.900002,53.500000,46.791412,3250000
2015-09-23,52.900002,53.500000,52.500000,52.900002,46.266651,3789000
2015-09-24,53.799999,54.299999,53.000000,53.200001,46.529034,4895000
2015-09-25,53.000000,53.299999,51.200001,52.400002,45.829346,6680000
2015-09-29,52.400002,52.400002,52.400002,52.400002,45.829346,0
2015-09-30,51.500000,52.000000,51.000000,51.500000,45.042202,6048000
2015-10-01,52.200001,53.400002,51.799999,53.000000,46.354107,5841000
2015-10-02,53.200001,54.799999,53.000000,54.299999,47.491096,5997000
2015-10-05,55.000000,56.700001,55.000000,56.500000,49.415234,12008000
2015-10-06,58.000000,58.299999,56.599998,57.799999,50.552219,13894000
2015-10-07,57.500000,58.299999,56.400002,58.000000,50.727142,6948000
2015-10-08,58.400002,60.500000,58.400002,58.900002,51.514286,10517000
2015-10-12,59.799999,60.900002,59.500000,60.599998,53.001110,7609000
2015-10-13,61.599998,62.400002,60.500000,61.900002,54.138103,8673000
2015-10-14,61.900002,62.400002,61.099998,61.900002,54.138103,7560000
2015-10-15,62.200001,63.599998,62.099998,63.099998,55.187630,8243000
2015-10-16,63.500000,63.799999,62.400002,62.500000,54.662868,4925000
2015-10-19,62.900002,62.900002,61.200001,61.400002,53.700802,4894000
2015-10-20,61.799999,62.299999,61.500000,62.200001,54.400482,2886000
2015-10-21,62.400002,62.500000,61.099998,61.099998,53.438416,3423000
2015-10-22,60.700001,61.299999,60.000000,61.299999,53.613335,3674000
2015-10-23,62.200001,62.200001,61.200001,61.700001,53.963181,2973000
2015-10-26,63.200001,63.299999,62.500000,63.200001,55.275089,5460000
2015-10-27,63.299999,63.700001,62.700001,63.299999,55.362549,3922000
2015-10-28,63.400002,64.500000,62.799999,63.900002,55.887318,4413000
2015-10-29,64.699997,64.699997,63.200001,63.599998,55.624931,3636000
2015-10-30,63.099998,63.099998,60.900002,62.299999,54.487946,6334000
2015-11-02,61.700001,62.099998,61.500000,61.900002,54.138103,3477000
2015-11-03,62.500000,63.400002,62.500000,62.700001,54.837788,3086000
2015-11-04,63.299999,63.799999,62.799999,63.299999,55.362549,3968000
2015-11-05,63.799999,64.000000,63.400002,63.799999,55.799854,2688000
2015-11-06,63.799999,63.900002,61.799999,61.799999,54.050644,4224000
2015-11-09,61.799999,62.500000,61.400002,61.599998,53.875721,2200000
2015-11-10,61.200001,61.500000,60.500000,61.000000,53.350960,3257000
2015-11-11,60.700001,60.900002,58.500000,58.500000,51.164444,7323000
2015-11-12,59.099998,59.700001,58.099998,59.000000,51.601746,2506000
2015-11-13,58.000000,58.900002,58.000000,58.500000,51.164444,2123000
2015-11-16,57.500000,57.500000,55.599998,56.299999,49.240311,6166000
2015-11-17,57.400002,57.900002,56.400002,56.599998,49.502689,5168000
2015-11-18,57.099998,57.599998,56.900002,56.900002,49.765072,2637000
2015-11-19,57.799999,58.599998,57.299999,58.299999,50.989521,4314000
2015-11-20,58.599998,58.599998,57.099998,57.799999,50.552219,3905000
2015-11-23,57.700001,58.500000,57.099998,57.799999,50.552219,3562000
2015-11-24,57.700001,57.799999,56.799999,57.500000,50.289833,3780000
2015-11-25,57.500000,57.599998,55.599998,56.000000,48.977928,4054000
2015-11-26,56.700001,57.599998,56.400002,57.400002,50.202377,4042000
2015-11-27,57.500000,57.500000,56.900002,56.900002,49.765072,1555000
2015-11-30,55.799999,55.900002,55.000000,55.200001,48.278244,6696000
2015-12-01,55.900002,56.799999,55.799999,56.500000,49.415234,3745000
2015-12-02,56.900002,57.299999,56.500000,56.500000,49.415234,2581000
2015-12-03,56.099998,56.799999,55.500000,56.500000,49.415234,2725000
2015-12-04,56.000000,56.200001,55.200001,56.000000,48.977928,4743000
2015-12-07,56.599998,56.700001,56.299999,56.400002,49.327770,2204000
2015-12-08,56.299999,56.500000,55.200001,55.200001,48.278244,2915000
2015-12-09,54.900002,54.900002,52.599998,52.799999,46.179188,6188000
2015-12-10,52.799999,53.099998,51.700001,52.799999,46.179188,4245000
2015-12-11,53.799999,54.000000,52.500000,52.500000,45.916809,3386000
2015-12-14,51.799999,53.000000,51.500000,52.700001,46.091732,2891000
2015-12-15,53.299999,53.400002,52.000000,52.200001,45.654427,2501000
2015-12-16,52.799999,53.200001,52.500000,52.700001,46.091732,2410000
2015-12-17,53.099998,54.500000,53.000000,53.900002,47.141254,2984000
2015-12-18,53.500000,54.000000,53.200001,53.900002,47.141254,2606000
2015-12-21,53.200001,53.900002,52.599998,53.500000,46.791412,3330000
2015-12-22,53.900002,54.299999,53.500000,54.299999,47.491096,2180000
2015-12-23,54.500000,56.299999,54.400002,56.000000,48.977928,5010000
2015-12-24,56.900002,57.000000,56.000000,56.599998,49.502689,3884000
2015-12-25,56.500000,56.900002,55.599998,56.900002,49.765072,2319000
2015-12-28,57.000000,57.299999,56.599998,57.000000,49.852535,2073000
2015-12-29,57.000000,57.000000,56.099998,56.500000,49.415234,1697000
2015-12-30,56.799999,56.900002,55.700001,56.900002,49.765072,2180000
2015-12-31,56.500000,56.900002,55.599998,56.900002,49.765072,2548000
2016-01-04,56.299999,56.500000,53.599998,53.599998,46.878872,5129000
2016-01-05,53.000000,53.500000,52.700001,53.200001,46.529034,4454000
2016-01-06,53.000000,53.200001,52.000000,53.200001,46.529034,3229000
2016-01-07,52.799999,52.900002,51.099998,51.299999,44.867279,4620000
2016-01-08,50.299999,52.200001,50.299999,51.500000,45.042202,3230000
2016-01-11,51.700001,52.000000,50.599998,51.299999,44.867279,3644000
2016-01-12,51.500000,52.400002,50.700001,50.700001,44.342518,2789000
2016-01-13,51.500000,53.000000,51.200001,52.400002,45.829346,3869000
2016-01-14,51.299999,52.000000,50.799999,51.799999,45.304581,3723000
2016-01-15,52.000000,52.200001,50.099998,50.400002,44.080135,5464000
2016-01-18,49.450001,51.799999,49.200001,51.299999,44.867279,3699000
2016-01-19,51.500000,51.799999,50.599998,51.099998,44.692356,3886000
2016-01-20,50.299999,50.700001,49.500000,49.599998,43.380451,5182000
2016-01-21,50.400002,50.500000,48.599998,49.900002,43.642830,5789000
2016-01-22,50.799999,50.799999,50.000000,50.500000,44.167595,3216000
2016-01-25,51.000000,52.400002,50.799999,52.299999,45.741886,4296000
2016-01-26,52.299999,53.000000,51.900002,51.900002,45.392044,4273000
2016-01-27,52.700001,52.700001,51.099998,51.700001,45.217121,5443000
2016-01-28,51.200001,51.700001,51.099998,51.599998,45.129665,4413000
2016-01-29,51.200001,52.599998,51.099998,52.599998,46.004265,6852000
2016-01-30,null,null,null,null,null,null
2016-02-01,52.900002,52.900002,52.000000,52.200001,45.654427,3006000
2016-02-02,52.000000,52.700001,51.500000,52.500000,45.916809,3594000
2016-02-03,52.400002,53.099998,51.500000,52.599998,46.004265,3394000
2016-02-15,51.599998,52.299999,51.599998,51.599998,45.129665,3339000
2016-02-16,52.200001,53.599998,51.900002,53.299999,46.616493,5100000
2016-02-17,53.700001,53.700001,52.599998,52.599998,46.004265,3485000
2016-02-18,53.000000,53.500000,52.900002,53.400002,46.703957,3847000
2016-02-19,53.000000,53.099998,52.200001,52.700001,46.091732,3798000
2016-02-22,53.099998,53.500000,52.599998,53.299999,46.616493,2373000
2016-02-23,53.500000,53.799999,53.200001,53.400002,46.703957,2707000
2016-02-24,53.400002,53.500000,52.799999,53.299999,46.616493,2104000
2016-02-25,53.599998,53.700001,53.299999,53.299999,46.616493,2215000
2016-02-26,53.599998,55.500000,53.599998,55.400002,48.453167,7123000
2016-03-01,56.000000,56.799999,55.799999,56.599998,49.502689,6763000
2016-03-02,57.200001,57.299999,56.099998,56.700001,49.590157,4989000
2016-03-03,56.799999,57.700001,56.299999,56.900002,49.765072,3889000
2016-03-04,57.200001,57.500000,56.700001,57.400002,50.202377,3669000
2016-03-07,57.799999,58.500000,57.400002,58.200001,50.902061,5015000
2016-03-08,58.500000,58.799999,57.400002,58.000000,50.727142,3668000
2016-03-09,57.500000,57.900002,57.000000,57.299999,50.114914,2493000
2016-03-10,57.099998,57.700001,56.599998,57.000000,49.852535,2481000
2016-03-11,56.500000,57.599998,56.500000,57.599998,50.377296,3160000
2016-03-14,58.000000,58.299999,57.700001,58.000000,50.727142,3222000
2016-03-15,57.500000,57.500000,55.099998,55.500000,48.540623,9654000
2016-03-16,55.299999,55.500000,54.200001,55.000000,48.103321,5946000
2016-03-17,55.599998,56.500000,55.099998,55.799999,48.803005,4939000
2016-03-18,55.900002,56.099998,55.299999,56.099998,49.065392,4583000
2016-03-21,56.900002,56.900002,55.799999,56.799999,49.677608,3336000
2016-03-22,56.700001,56.799999,56.000000,56.799999,49.677608,2373000
2016-03-23,56.599998,56.799999,56.099998,56.400002,49.327770,1555000
2016-03-24,56.000000,56.799999,55.799999,56.200001,49.152847,1426000
2016-03-25,55.599998,56.299999,55.599998,55.599998,48.628082,1610000
2016-03-28,55.599998,56.299999,55.599998,55.599998,48.628082,1369000
2016-03-29,55.599998,56.000000,54.700001,54.900002,48.015862,2119000
2016-03-30,54.900002,56.299999,54.900002,56.000000,48.977928,2211000
2016-03-31,55.700001,56.400002,55.599998,56.099998,49.065392,3129000
2016-04-01,55.599998,55.900002,55.099998,55.400002,48.453167,2127000
2016-04-06,54.700001,55.000000,54.099998,54.599998,47.753479,2877000
2016-04-07,54.599998,54.900002,54.200001,54.200001,47.403637,1819000
2016-04-08,53.900002,54.799999,53.799999,54.799999,47.928402,2307000
2016-04-11,54.799999,55.400002,54.299999,54.700001,47.840942,1875000
2016-04-12,55.400002,56.700001,55.099998,56.299999,49.240311,4618000
2016-04-13,56.500000,57.000000,56.000000,57.000000,49.852535,3733000
2016-04-14,57.299999,57.400002,56.099998,56.200001,49.152847,3467000
2016-04-15,56.200001,56.700001,55.799999,56.599998,49.502689,2725000
2016-04-18,56.500000,56.700001,56.099998,56.700001,49.590157,2218000
2016-04-19,56.299999,57.200001,56.299999,56.500000,49.415234,1786000
2016-04-20,57.000000,57.000000,55.500000,55.500000,48.540623,2686000
2016-04-21,55.500000,56.500000,55.500000,56.200001,49.152847,1541000
2016-04-22,56.400002,56.500000,55.599998,55.799999,48.803005,1486000
2016-04-25,56.000000,56.599998,55.599998,56.000000,48.977928,2253000
2016-04-26,56.099998,56.200001,55.099998,55.500000,48.540623,4313000
2016-04-27,55.500000,56.200001,55.500000,56.099998,49.065392,2088000
2016-04-28,56.400002,56.400002,55.099998,55.400002,48.453167,2219000
2016-04-29,54.799999,55.099998,54.200001,54.200001,47.403637,3604000
2016-05-03,54.299999,54.500000,53.400002,53.400002,46.703957,2921000
2016-05-04,53.000000,53.299999,51.500000,52.700001,46.091732,5893000
2016-05-05,52.500000,52.500000,51.700001,51.799999,45.304581,3041000
2016-05-06,51.799999,51.799999,50.200001,50.500000,44.167595,6410000
2016-05-09,50.700001,51.200001,50.299999,50.299999,43.992676,3035000
2016-05-10,50.700001,51.000000,50.299999,50.700001,44.342518,4353000
2016-05-11,51.000000,51.400002,50.200001,50.400002,44.080135,5112000
2016-05-12,50.099998,50.799999,50.099998,50.599998,44.255054,2912000
2016-05-13,50.400002,50.700001,49.799999,50.200001,43.905216,6197000
2016-05-16,50.000000,50.000000,48.299999,49.799999,43.555370,4868000
2016-05-17,50.000000,50.299999,49.500000,50.099998,43.817749,3184000
2016-05-18,50.000000,50.000000,49.099998,49.650002,43.424183,3409000
2016-05-19,49.500000,49.500000,48.799999,49.000000,42.855686,4226000
2016-05-20,49.200001,49.799999,48.849998,49.799999,43.555370,2357000
2016-05-23,49.500000,50.799999,49.049999,50.799999,44.429977,4810000
2016-05-24,50.599998,50.700001,50.099998,50.700001,44.342518,2123000
2016-05-25,50.599998,50.700001,49.900002,50.299999,43.992676,10369000
2016-05-26,50.299999,50.299999,49.900002,50.000000,43.730293,4079000
2016-05-27,49.950001,50.400002,49.900002,50.099998,43.817749,4764000
2016-05-30,50.200001,50.700001,50.099998,50.500000,44.167595,4843000
2016-05-31,50.500000,50.599998,49.900002,49.900002,43.642830,7010000
2016-06-01,50.000000,50.299999,49.650002,50.000000,43.730293,8510000
2016-06-02,50.200001,50.799999,50.000000,50.000000,43.730293,5174000
2016-06-03,50.099998,50.400002,50.000000,50.299999,43.992676,2008000
2016-06-04,null,null,null,null,null,null
2016-06-06,50.599998,50.700001,49.900002,50.099998,43.817749,4037000
2016-06-07,50.200001,50.599998,50.099998,50.200001,43.905216,2899000
2016-06-08,50.400002,50.500000,50.200001,50.400002,44.080135,2927000
2016-06-13,50.299999,50.299999,49.599998,50.000000,43.730293,3711000
2016-06-14,50.000000,50.200001,49.849998,50.000000,43.730293,2617000
2016-06-15,50.000000,50.200001,49.799999,49.849998,43.599102,2306000
2016-06-16,49.849998,49.950001,49.200001,49.250000,43.074337,3674000
2016-06-17,49.400002,49.900002,49.400002,49.750000,43.511639,2233000
2016-06-20,50.200001,50.500000,50.000000,50.299999,43.992676,3404000
2016-06-21,50.500000,50.599998,50.299999,50.599998,44.255054,3283000
2016-06-22,50.599998,51.400002,50.400002,51.299999,44.867279,3295000
2016-06-23,51.500000,51.500000,50.900002,51.400002,44.954746,3262000
2016-06-24,51.400002,51.500000,49.900002,50.099998,43.817749,6162000
2016-06-27,50.099998,51.099998,49.950001,51.099998,44.692356,2693000
2016-06-28,50.799999,51.900002,50.400002,51.799999,45.304581,1697000
2016-06-29,52.200001,52.599998,51.900002,52.000000,45.479504,4094000
2016-06-30,52.400002,52.400002,51.500000,52.099998,45.566963,2958000
2016-07-01,52.000000,52.400002,51.900002,52.099998,45.566963,2769000
2016-07-04,52.200001,52.400002,52.000000,52.299999,45.741886,2202000
2016-07-05,52.299999,52.799999,52.099998,52.700001,46.091732,2160000
2016-07-06,52.500000,52.500000,52.000000,52.000000,45.479504,2727000
2016-07-07,51.900002,52.400002,51.900002,52.400002,45.829346,1689000
2016-07-08,null,null,null,null,null,null
2016-07-11,53.000000,53.000000,52.500000,52.799999,46.179188,2476000
2016-07-12,52.900002,53.099998,52.599998,53.099998,46.441570,2879000
2016-07-13,53.400002,53.400002,52.799999,53.299999,46.616493,2565000
2016-07-14,53.400002,54.700001,53.200001,54.700001,47.840942,5632000
2016-07-15,55.000000,55.400002,54.799999,55.000000,48.103321,4892000
2016-07-18,55.400002,55.400002,54.700001,55.200001,48.278244,3365000
2016-07-19,55.200001,55.400002,54.700001,55.299999,48.365704,3404000
2016-07-20,55.000000,55.099998,54.599998,55.000000,48.103321,2615000
2016-07-21,55.000000,55.299999,55.000000,55.099998,48.190781,2710000
2016-07-22,55.099998,55.200001,54.599998,55.000000,48.103321,3058000
2016-07-25,54.599998,55.000000,53.799999,54.099998,47.316177,3657000
2016-07-26,54.500000,56.299999,54.400002,56.299999,49.240311,8117000
2016-07-27,56.799999,57.000000,56.599998,57.000000,49.852535,5326000
2016-07-28,57.200001,57.200001,56.500000,56.599998,49.502689,4208000
2016-07-29,56.700001,56.900002,56.500000,56.599998,49.502689,4014000
2016-08-01,56.500000,57.400002,56.500000,57.400002,50.202377,8294000
2016-08-02,54.400002,54.700001,53.000000,53.500000,49.462742,7768000
2016-08-03,53.000000,53.000000,52.099998,52.200001,48.260845,5349000
2016-08-04,52.500000,52.700001,52.200001,52.599998,48.630657,1999000
2016-08-05,52.700001,53.500000,52.599998,53.400002,49.370293,2641000
2016-08-08,53.599998,53.700001,53.099998,53.599998,49.555199,2080000
2016-08-09,53.599998,53.599998,52.000000,52.799999,48.815567,4624000
2016-08-10,52.900002,53.299999,52.500000,53.299999,49.277840,2532000
2016-08-11,53.400002,53.700001,52.599998,53.400002,49.370293,2741000
2016-08-12,53.500000,54.299999,53.400002,53.900002,49.832558,3051000
2016-08-15,54.099998,54.400002,53.599998,54.400002,50.294830,2260000
2016-08-16,54.700001,54.700001,54.000000,54.599998,50.479736,2247000
2016-08-17,54.599998,54.599998,54.200001,54.500000,50.387280,1833000
2016-08-18,54.500000,55.099998,54.299999,55.000000,50.849552,2445000
2016-08-19,55.000000,55.000000,53.799999,54.200001,50.109921,2694000
2016-08-22,53.799999,53.900002,53.099998,53.299999,49.277840,2040000
2016-08-23,53.400002,53.900002,53.200001,53.700001,49.647652,999000
2016-08-24,53.700001,54.099998,53.599998,53.700001,49.647652,827000
2016-08-25,53.599998,54.200001,53.500000,53.900002,49.832558,1607000
2016-08-26,54.500000,55.000000,54.400002,54.799999,50.664642,2939000
2016-08-29,54.799999,54.900002,53.900002,54.500000,50.387280,1588000
2016-08-30,54.500000,55.000000,54.500000,54.799999,50.664642,1977000
2016-08-31,54.900002,55.099998,54.299999,54.900002,50.757099,2340000
2016-09-01,54.599998,54.599998,53.799999,54.200001,50.109921,2805000
2016-09-02,54.099998,54.400002,53.500000,53.799999,49.740105,2015000
2016-09-05,54.000000,54.599998,54.000000,54.599998,50.479736,1681000
2016-09-06,54.500000,54.900002,54.400002,54.700001,50.572189,2708000
2016-09-07,54.799999,55.799999,54.700001,55.299999,51.126911,5636000
2016-09-08,55.500000,55.700001,55.099998,55.500000,51.311821,2370000
2016-09-09,55.400002,55.400002,55.000000,55.200001,51.034458,1146000
2016-09-10,null,null,null,null,null,null
2016-09-12,54.599998,54.700001,54.099998,54.400002,50.294830,1886000
2016-09-13,54.299999,54.799999,53.799999,54.599998,50.479736,3268000
2016-09-14,54.700001,55.099998,54.299999,54.799999,50.664642,4086000
2016-09-19,55.000000,55.700001,54.900002,55.500000,51.311821,3338000
2016-09-20,55.500000,55.799999,55.099998,55.700001,51.496727,2516000
2016-09-21,55.799999,55.900002,55.400002,55.900002,51.681637,2045000
2016-09-22,56.000000,56.000000,55.599998,55.900002,51.681637,2180000
2016-09-23,56.000000,56.599998,55.900002,56.400002,52.143902,3198000
2016-09-26,56.799999,57.000000,56.400002,56.700001,52.421265,2693000
2016-09-27,56.700001,56.700001,56.700001,56.700001,52.421265,0
2016-09-28,56.700001,56.700001,56.700001,56.700001,52.421265,0
2016-09-29,57.000000,57.000000,56.299999,56.500000,52.236359,2656000
2016-09-30,56.099998,56.299999,55.599998,55.799999,51.589180,2057000
2016-10-03,55.500000,56.000000,55.299999,55.299999,51.126911,1090000
2016-10-04,55.400002,56.000000,55.400002,55.799999,51.589180,1048000
2016-10-05,55.400002,55.900002,55.400002,55.799999,51.589180,778000
2016-10-06,55.799999,55.799999,55.400002,55.500000,51.311821,1397000
2016-10-07,55.700001,55.700001,55.200001,55.299999,51.126911,1454000
2016-10-11,55.500000,55.500000,54.200001,54.799999,50.664642,2178000
2016-10-12,54.700001,54.799999,54.299999,54.799999,50.664642,1510000
2016-10-13,54.500000,54.799999,54.000000,54.299999,50.202374,2300000
2016-10-14,54.000000,54.099998,53.299999,53.700001,49.647652,3207000
2016-10-17,53.500000,54.200001,53.099998,54.000000,49.925014,1451000
2016-10-18,53.700001,54.700001,53.500000,54.700001,50.572189,1470000
2016-10-19,54.700001,55.000000,54.500000,54.900002,50.757099,1378000
2016-10-20,54.900002,54.900002,54.299999,54.500000,50.387280,1057000
2016-10-21,54.500000,54.799999,54.400002,54.500000,50.387280,1011000
2016-10-24,54.799999,54.799999,54.299999,54.799999,50.664642,902000
2016-10-25,54.900002,55.000000,54.500000,54.799999,50.664642,857000
2016-10-26,55.000000,55.799999,55.000000,55.500000,51.311821,2639000
2016-10-27,55.799999,56.000000,55.200001,55.400002,51.219364,1737000
2016-10-28,55.400002,55.500000,55.099998,55.200001,51.034458,1807000
2016-10-31,54.900002,54.900002,54.500000,54.599998,50.479736,1615000
2016-11-01,54.500000,54.799999,54.299999,54.700001,50.572189,1099000
2016-11-02,54.299999,54.400002,53.900002,54.099998,50.017464,1692000
2016-11-03,54.000000,54.099998,53.500000,54.099998,50.017464,1557000
2016-11-04,54.099998,54.299999,53.500000,54.000000,49.925014,1717000
2016-11-07,54.000000,54.200001,53.900002,53.900002,49.832558,867000
2016-11-08,54.200001,54.200001,53.700001,54.000000,49.925014,1196000
2016-11-09,54.500000,54.599998,52.400002,53.500000,49.462742,4565000
2016-11-10,54.000000,54.200001,53.700001,54.000000,49.925014,2584000
2016-11-11,53.799999,54.000000,53.000000,53.000000,49.000477,3022000
2016-11-14,53.099998,53.799999,53.000000,53.299999,49.277840,2434000
2016-11-15,53.599998,53.799999,53.000000,53.000000,49.000477,2027000
2016-11-16,53.299999,53.500000,52.700001,52.900002,48.908024,1948000
2016-11-17,52.900002,53.000000,52.700001,52.900002,48.908024,1895000
2016-11-18,53.299999,53.400002,52.799999,53.000000,49.000477,2682000
2016-11-21,53.000000,53.599998,53.000000,53.500000,49.462742,1731000
2016-11-22,53.599998,53.799999,53.400002,53.799999,49.740105,2012000
2016-11-23,53.900002,53.900002,53.599998,53.799999,49.740105,1791000
2016-11-24,53.799999,54.299999,53.599998,54.200001,50.109921,2422000
2016-11-25,54.000000,54.299999,53.700001,53.799999,49.740105,2622000
2016-11-28,54.299999,54.400002,54.000000,54.099998,50.017464,3401000
2016-11-29,54.099998,54.200001,53.799999,53.799999,49.740105,2926000
2016-11-30,54.000000,54.400002,53.900002,54.400002,50.294830,4456000
2016-12-01,54.299999,54.400002,54.000000,54.099998,50.017464,4368000
2016-12-02,53.900002,55.299999,53.900002,54.799999,50.664642,5644000
2016-12-05,54.900002,55.200001,54.400002,54.400002,50.294830,3291000
2016-12-06,54.500000,55.000000,54.500000,54.799999,50.664642,2390000
2016-12-07,55.000000,55.099998,54.599998,54.700001,50.572189,1924000
2016-12-08,54.900002,55.099998,54.700001,55.000000,50.849552,2732000
2016-12-09,55.000000,55.099998,54.900002,55.099998,50.942001,1812000
2016-12-12,55.400002,55.500000,54.799999,55.299999,51.126911,3413000
2016-12-13,55.400002,55.799999,55.299999,55.500000,51.311821,3003000
2016-12-14,55.599998,55.599998,55.200001,55.400002,51.219364,3324000
2016-12-15,55.500000,55.500000,54.799999,54.799999,50.664642,3413000
2016-12-16,54.799999,55.099998,54.700001,54.900002,50.757099,2662000
2016-12-19,55.099998,55.299999,55.000000,55.000000,50.849552,1241000
2016-12-20,55.099998,55.099998,54.500000,54.500000,50.387280,2016000
2016-12-21,54.900002,54.900002,54.400002,54.400002,50.294830,1575000
2016-12-22,54.400002,54.599998,54.099998,54.400002,50.294830,1660000
2016-12-23,54.299999,54.400002,54.000000,54.400002,50.294830,1741000
2016-12-26,54.700001,54.799999,54.200001,54.500000,50.387280,1038000
2016-12-27,54.500000,54.500000,54.200001,54.500000,50.387280,580000
2016-12-28,54.500000,54.700001,54.299999,54.700001,50.572189,1015000
2016-12-29,54.700001,54.700001,54.200001,54.400002,50.294830,1212000
2016-12-30,54.200001,55.099998,54.200001,55.099998,50.942001,1833000
2017-01-03,55.099998,55.200001,54.900002,55.200001,51.034458,885000
2017-01-04,55.299999,55.500000,55.200001,55.500000,51.311821,2116000
2017-01-05,55.599998,55.700001,55.400002,55.700001,51.496727,2272000
2017-01-06,55.799999,55.799999,55.400002,55.700001,51.496727,1700000
2017-01-09,55.700001,55.700001,54.700001,55.700001,51.496727,2859000
2017-01-10,55.299999,55.400002,55.000000,55.400002,51.219364,955000
2017-01-11,55.599998,55.599998,55.299999,55.500000,51.311821,1656000
2017-01-12,55.599998,56.400002,55.599998,55.799999,51.589180,3106000
2017-01-13,56.000000,56.099998,55.799999,55.900002,51.681637,2013000
2017-01-16,55.900002,56.000000,55.500000,55.599998,51.404270,1056000
2017-01-17,55.599998,55.799999,55.099998,55.700001,51.496727,1470000
2017-01-18,55.299999,55.599998,55.200001,55.599998,51.404270,1389000
2017-01-19,55.500000,55.599998,55.299999,55.299999,51.126911,1677000
2017-01-20,55.299999,55.500000,55.200001,55.200001,51.034458,1526000
2017-01-23,55.700001,55.799999,55.200001,55.400002,51.219364,1958000
2017-01-24,55.599998,56.200001,55.599998,56.000000,51.774086,2850000
2017-02-02,56.400002,56.599998,55.599998,56.000000,51.774086,4987000
2017-02-03,56.200001,57.000000,56.099998,56.900002,52.606171,4487000
2017-02-06,57.099998,58.900002,57.099998,58.599998,54.177883,10091000
2017-02-07,59.299999,62.200001,59.299999,61.799999,57.136406,16453000
2017-02-08,62.400002,63.099998,61.299999,61.799999,57.136406,11098000
2017-02-09,61.900002,62.500000,61.599998,62.200001,57.506218,5293000
2017-02-10,62.500000,62.799999,61.799999,62.099998,57.413765,6027000
2017-02-13,62.500000,62.500000,61.799999,62.099998,57.413765,3444000
2017-02-14,62.299999,62.400002,61.000000,61.400002,56.766590,6071000
2017-02-15,61.900002,62.299999,61.599998,62.299999,57.598671,4367000
2017-02-16,62.700001,62.799999,62.099998,62.299999,57.598671,5053000
2017-02-17,62.200001,62.500000,61.900002,62.500000,57.783581,3872000
2017-02-18,null,null,null,null,null,null
2017-02-20,62.599998,62.900002,62.299999,62.799999,58.060940,4464000
2017-02-21,63.000000,64.000000,62.799999,63.900002,59.077934,7065000
2017-02-22,64.500000,66.000000,64.400002,66.000000,61.019459,12998000
2017-02-23,66.400002,67.099998,65.500000,65.699997,60.742096,8219000
2017-02-24,65.699997,66.099998,65.099998,65.900002,60.927010,3965000
2017-03-01,66.300003,67.800003,66.300003,66.699997,61.666634,6372000
2017-03-02,67.400002,68.099998,67.000000,67.699997,62.591167,5930000
2017-03-03,67.599998,67.599998,66.300003,67.300003,62.221359,4901000
2017-03-06,67.000000,67.099998,66.300003,67.099998,62.036449,2366000
2017-03-07,67.099998,68.800003,66.900002,68.800003,63.608166,7062000
2017-03-08,70.400002,70.800003,69.599998,70.500000,65.179878,19177000
2017-03-09,70.400002,70.500000,69.400002,69.699997,64.440247,8280000
2017-03-10,70.400002,70.599998,68.900002,69.900002,64.625153,6526000
2017-03-13,70.099998,70.099998,69.000000,69.300003,64.070435,4668000
2017-03-14,69.599998,71.000000,69.500000,71.000000,65.642151,11951000
2017-03-15,71.199997,72.400002,71.199997,71.699997,66.289322,8874000
2017-03-16,72.500000,73.000000,72.000000,72.400002,66.936501,7699000
2017-03-17,72.699997,72.699997,71.400002,72.000000,66.566689,7220000
2017-03-20,72.000000,73.000000,71.300003,71.900002,66.474228,4562000
2017-03-21,72.800003,72.800003,71.800003,72.300003,66.844048,7816000
2017-03-22,71.199997,71.500000,70.199997,70.900002,65.549698,6885000
2017-03-23,71.199997,71.199997,69.300003,69.900002,64.625153,7193000
2017-03-24,70.000000,70.599998,69.900002,70.500000,65.179878,3987000
2017-03-27,71.000000,71.099998,69.599998,70.000000,64.717606,3976000
2017-03-28,69.900002,70.000000,67.400002,69.000000,63.793072,6056000
2017-03-29,69.800003,70.699997,69.199997,70.500000,65.179878,4885000
2017-03-30,70.699997,71.000000,70.199997,70.900002,65.549698,5447000
2017-03-31,70.900002,71.000000,70.500000,70.900002,65.549698,5173000
2017-04-05,71.699997,72.800003,71.199997,72.099998,66.659142,7344000
2017-04-06,72.099998,72.500000,71.099998,72.400002,66.936501,7223000
2017-04-07,72.000000,72.000000,69.500000,70.900002,65.549698,5554000
2017-04-10,70.900002,71.000000,69.800003,70.000000,64.717606,2642000
2017-04-11,69.599998,71.000000,69.599998,70.400002,65.087425,4295000
2017-04-12,70.300003,70.500000,69.900002,70.500000,65.179878,3044000
2017-04-13,70.500000,70.699997,70.400002,70.599998,65.272331,2814000
2017-04-14,70.099998,70.300003,69.800003,70.000000,64.717606,3931000
2017-04-17,70.000000,70.000000,69.099998,69.699997,64.440247,4059000
2017-04-18,70.000000,71.400002,69.800003,71.400002,66.011963,7769000
2017-04-19,71.000000,72.000000,71.000000,71.000000,65.642151,7302000
2017-04-20,71.000000,71.199997,70.500000,70.500000,65.179878,3017000
2017-04-21,71.099998,71.099998,69.800003,70.500000,65.179878,2736000
2017-04-24,71.000000,71.199997,70.000000,70.699997,65.364777,1175000
2017-04-25,71.000000,72.500000,70.699997,72.500000,67.028954,6492000
2017-04-26,74.400002,76.599998,74.099998,76.000000,70.264832,19749000
2017-04-27,77.199997,77.400002,75.699997,77.199997,71.374275,10427000
2017-04-28,77.199997,78.400002,76.699997,76.900002,71.096916,5774000
2017-05-02,76.900002,77.699997,76.199997,77.699997,71.836548,5101000
2017-05-03,78.000000,80.400002,77.900002,79.699997,73.685623,7627000
2017-05-04,79.699997,79.699997,78.199997,78.599998,72.668625,4101000
2017-05-05,78.500000,78.500000,76.599998,76.800003,71.004463,5454000
2017-05-08,77.400002,78.099998,77.000000,77.599998,71.744087,3499000
2017-05-09,77.800003,78.000000,77.199997,77.500000,71.651634,4399000
2017-05-10,78.000000,78.000000,76.500000,77.500000,71.651634,4948000
2017-05-11,77.900002,77.900002,76.400002,76.500000,70.727104,4009000
2017-05-12,76.400002,79.300003,76.400002,79.000000,73.038445,7181000
2017-05-15,78.699997,78.699997,77.599998,78.000000,72.113907,4325000
2017-05-16,79.199997,81.099998,79.199997,81.099998,74.979973,16329000
2017-05-17,80.800003,80.800003,79.400002,79.500000,73.500710,6815000
2017-05-18,77.599998,79.000000,77.500000,78.000000,72.113907,7022000
2017-05-19,78.500000,78.699997,77.599998,78.199997,72.298813,6930000
2017-05-22,78.699997,80.500000,78.500000,79.500000,73.500710,9865000
2017-05-23,80.300003,81.500000,79.099998,79.500000,73.500710,14786000
2017-05-24,80.400002,81.400002,79.800003,81.000000,74.887520,11882000
2017-05-25,81.500000,81.599998,80.099998,80.699997,74.610153,8749000
2017-05-26,81.000000,81.000000,79.300003,79.400002,73.408257,6819000
2017-05-31,79.900002,81.199997,79.800003,81.199997,75.072426,8557000
2017-06-01,80.900002,81.000000,79.699997,80.500000,74.425247,5351000
2017-06-02,80.800003,80.800003,80.000000,80.699997,74.610153,3182000
2017-06-03,null,null,null,null,null,null
2017-06-05,79.800003,80.000000,78.699997,78.900002,72.945992,5145000
2017-06-06,79.000000,79.500000,77.099998,77.699997,71.836548,6819000
2017-06-07,78.199997,79.400002,78.099998,79.000000,73.038445,5513000
2017-06-08,79.400002,79.699997,78.699997,78.900002,72.945992,4288000
2017-06-09,79.000000,79.300003,77.800003,77.800003,71.929008,4811000
2017-06-12,78.000000,78.699997,77.800003,78.099998,72.206360,2674000
2017-06-13,78.500000,79.900002,78.199997,79.900002,73.870529,4313000
2017-06-14,80.000000,80.099998,78.199997,79.400002,73.408257,4278000
2017-06-15,79.800003,79.800003,78.900002,79.699997,73.685623,5293000
2017-06-16,79.800003,80.000000,79.000000,79.900002,73.870529,6327000
2017-06-19,79.900002,80.300003,79.500000,80.300003,74.240349,3743000
2017-06-20,80.500000,81.400002,80.099998,81.300003,75.164879,6741000
2017-06-21,81.900002,85.000000,81.599998,84.400002,78.030945,14789000
2017-06-22,84.900002,85.000000,83.500000,84.000000,77.661133,4344000
2017-06-23,84.500000,85.500000,84.000000,84.599998,78.215858,4999000
2017-06-26,84.599998,85.000000,83.400002,85.000000,78.585670,4192000
2017-06-27,86.000000,87.800003,85.400002,87.000000,80.434738,8003000
2017-06-28,86.500000,87.599998,86.099998,87.000000,80.434738,3479000
2017-06-29,87.599998,87.800003,85.699997,85.900002,79.417755,3416000
2017-06-30,85.099998,85.599998,84.500000,84.800003,78.400764,4125000
2017-07-03,84.300003,86.199997,84.300003,86.199997,79.695107,3036000
2017-07-04,86.199997,88.099998,85.199997,85.199997,78.770576,4863000
2017-07-05,85.000000,85.699997,84.599998,85.500000,79.047935,3259000
2017-07-06,85.199997,85.699997,84.900002,85.300003,78.863037,3010000
2017-07-07,85.099998,85.599998,84.900002,85.000000,78.585670,3065000
2017-07-10,85.300003,86.500000,84.900002,84.900002,78.493217,3103000
2017-07-11,85.699997,85.699997,84.400002,84.599998,78.215858,4392000
2017-07-12,84.599998,85.400002,84.599998,85.400002,78.955482,4491000
2017-07-13,85.400002,85.599998,84.699997,85.199997,78.770576,3567000
2017-07-14,85.000000,85.000000,84.699997,85.000000,78.585670,2964000
2017-07-17,85.300003,86.900002,85.199997,86.800003,80.249840,5591000
2017-07-18,87.000000,87.000000,86.300003,87.000000,80.434738,3080000
2017-07-19,87.599998,87.599998,86.000000,86.000000,79.510208,4057000
2017-07-20,86.900002,86.900002,84.500000,85.599998,79.140388,5273000
2017-07-21,85.400002,86.000000,85.000000,86.000000,79.510208,2337000
2017-07-24,85.599998,86.199997,85.400002,85.900002,79.417755,1916000
2017-07-25,85.900002,86.000000,85.500000,85.800003,79.325294,2354000
2017-07-26,86.500000,90.000000,86.500000,89.800003,83.023453,14566000
2017-07-27,86.500000,87.699997,85.699997,86.699997,83.311722,8732000
2017-07-28,86.699997,86.699997,85.800003,86.199997,82.831261,2703000
2017-07-31,86.199997,87.500000,85.900002,86.800003,83.407822,3773000
2017-08-01,87.500000,87.500000,86.000000,87.000000,83.599998,3495000
2017-08-02,87.000000,87.400002,86.699997,87.400002,87.400002,1923000
2017-08-03,86.800003,87.300003,86.599998,87.199997,87.199997,2198000
2017-08-04,86.900002,87.199997,86.599998,86.699997,86.699997,2165000
2017-08-07,86.199997,88.800003,86.199997,88.800003,88.800003,5370000
2017-08-08,89.400002,89.400002,87.500000,88.199997,88.199997,4685000
2017-08-09,88.400002,88.400002,86.500000,87.099998,87.099998,4224000
2017-08-10,86.300003,86.300003,83.099998,83.099998,83.099998,11776000
2017-08-11,81.599998,84.300003,81.599998,82.800003,82.800003,8451000
2017-08-14,82.099998,83.699997,81.400002,83.000000,83.000000,6045000
2017-08-15,83.800003,84.900002,83.800003,84.099998,84.099998,4243000
2017-08-16,84.500000,84.500000,83.099998,84.199997,84.199997,2968000
2017-08-17,84.400002,84.599998,83.199997,83.199997,83.199997,4889000
2017-08-18,81.900002,82.800003,81.599998,81.599998,81.599998,4903000
2017-08-21,81.699997,82.000000,80.800003,81.599998,81.599998,2847285
2017-08-22,82.099998,84.000000,82.000000,83.199997,83.199997,3797012
2017-08-23,83.400002,83.900002,81.800003,81.900002,81.900002,3553743
2017-08-24,82.300003,82.900002,81.800003,82.500000,82.500000,3576328
2017-08-25,83.800003,84.599998,83.400002,83.400002,83.400002,5616315
2017-08-28,84.000000,84.199997,82.900002,83.599998,83.599998,2310948
2017-08-29,82.900002,83.099998,82.099998,82.199997,82.199997,3469881
2017-08-30,82.500000,82.800003,82.000000,82.300003,82.300003,2672547
2017-08-31,82.500000,82.699997,81.800003,82.199997,82.199997,2311264
2017-09-01,82.199997,82.199997,81.599998,81.599998,81.599998,3175472
2017-09-04,81.699997,82.400002,81.500000,81.800003,81.800003,2693432
2017-09-05,82.400002,82.500000,81.800003,82.500000,82.500000,3446568
2017-09-06,82.500000,82.500000,81.500000,81.599998,81.599998,6068081
2017-09-07,81.800003,81.900002,78.800003,78.900002,78.900002,7251977
2017-09-08,79.000000,81.199997,79.000000,80.800003,80.800003,6275390
2017-09-11,81.300003,81.400002,79.800003,80.000000,80.000000,4133584
2017-09-12,80.500000,80.500000,79.000000,79.099998,79.099998,3599027
2017-09-13,79.400002,79.400002,78.400002,79.300003,79.300003,3681196
2017-09-14,78.800003,78.900002,78.099998,78.900002,78.900002,4471129
2017-09-15,78.699997,78.800003,77.699997,78.699997,78.699997,6690114
2017-09-18,78.800003,78.900002,77.199997,77.599998,77.599998,4913418
2017-09-19,78.099998,78.099998,76.000000,76.800003,76.800003,6490866
2017-09-20,77.300003,78.500000,77.300003,78.400002,78.400002,5926553
2017-09-21,78.500000,78.699997,77.699997,78.699997,78.699997,4077019
2017-09-22,78.400002,78.400002,76.900002,77.599998,77.599998,4799277
2017-09-25,77.099998,77.400002,73.699997,74.500000,74.500000,9185611
2017-09-26,74.000000,76.300003,73.800003,75.000000,75.000000,7044714
2017-09-27,75.500000,76.300003,73.800003,73.800003,73.800003,6024243
2017-09-28,74.099998,76.199997,74.000000,74.000000,74.000000,6883589
2017-09-29,74.500000,74.599998,73.099998,73.099998,73.099998,6311972
2017-10-02,74.800003,76.199997,74.699997,76.099998,76.099998,5147968
2017-10-03,77.300003,79.699997,77.300003,79.000000,79.000000,10106381
2017-10-05,79.599998,79.599998,78.599998,78.800003,78.800003,6990236
2017-10-06,78.800003,78.800003,78.099998,78.699997,78.699997,4083495
2017-10-11,79.000000,80.199997,78.500000,78.500000,78.500000,9939670
2017-10-12,79.199997,79.900002,78.500000,79.900002,79.900002,4529092
2017-10-13,77.000000,77.599998,76.000000,76.800003,76.800003,20622023
2017-10-16,77.300003,78.699997,77.099998,78.300003,78.300003,15217273
2017-10-17,77.800003,78.900002,77.800003,78.000000,78.000000,8318782
2017-10-18,78.000000,78.900002,77.099998,78.599998,78.599998,7558396
2017-10-19,78.099998,79.400002,78.000000,79.199997,79.199997,6499405
2017-10-20,79.000000,79.400002,78.000000,78.500000,78.500000,5761621
2017-10-23,78.599998,78.599998,77.699997,78.000000,78.000000,4141274
2017-10-24,78.099998,81.300003,78.000000,80.800003,80.800003,17865213
2017-10-25,79.800003,80.099998,78.599998,78.800003,78.800003,18705743
2017-10-26,78.500000,79.800003,78.500000,78.599998,78.599998,12738468
2017-10-27,79.500000,79.900002,78.500000,78.800003,78.800003,7287309
2017-10-30,79.500000,79.599998,77.699997,78.000000,78.000000,5653145
2017-10-31,77.599998,78.400002,77.199997,77.800003,77.800003,5993123
2017-11-01,78.500000,80.000000,78.000000,79.900002,79.900002,6987271
2017-11-02,79.800003,79.900002,79.000000,79.000000,79.000000,4196580
2017-11-03,79.300003,79.500000,78.099998,78.199997,78.199997,4156802
2017-11-06,78.800003,79.400002,78.300003,78.699997,78.699997,3970465
2017-11-07,78.900002,80.000000,78.599998,79.800003,79.800003,6903187
2017-11-08,80.000000,81.000000,79.400002,79.599998,79.599998,5379194
2017-11-09,81.099998,87.500000,81.099998,87.500000,87.500000,45076280
2017-11-10,87.599998,88.699997,84.000000,86.000000,86.000000,23480773
2017-11-13,86.800003,88.599998,86.099998,87.099998,87.099998,11777232
2017-11-14,87.599998,88.000000,85.099998,85.099998,85.099998,9347538
2017-11-15,85.400002,85.900002,84.400002,85.000000,85.000000,7193014
2017-11-16,84.300003,84.400002,83.199997,84.000000,84.000000,6416610
2017-11-17,84.400002,85.500000,83.599998,83.599998,83.599998,5985406
2017-11-20,84.300003,85.599998,84.000000,85.599998,85.599998,5398985
2017-11-21,85.300003,87.800003,84.699997,87.000000,87.000000,8006091
2017-11-22,88.500000,89.400002,86.199997,86.199997,86.199997,9216195
2017-11-23,87.900002,88.500000,87.000000,88.400002,88.400002,4998346
2017-11-24,88.400002,88.699997,87.099998,87.300003,87.300003,2840947
2017-11-27,87.699997,88.599998,87.300003,87.300003,87.300003,3017103
2017-11-28,87.099998,87.400002,86.300003,86.599998,86.599998,3104316
2017-11-29,86.699997,87.900002,86.099998,86.199997,86.199997,3501545
2017-11-30,85.900002,87.000000,85.500000,87.000000,87.000000,7919143
2017-12-01,87.000000,87.400002,85.099998,86.500000,86.500000,3871331
2017-12-04,86.500000,86.699997,85.000000,86.699997,86.699997,3956383
2017-12-05,86.000000,86.699997,85.800003,86.099998,86.099998,3735252
2017-12-06,85.199997,85.800003,83.199997,83.800003,83.800003,7909305
2017-12-07,83.400002,84.699997,82.599998,83.800003,83.800003,3987371
2017-12-08,83.099998,83.900002,81.699997,82.599998,82.599998,5202607
2017-12-11,85.300003,88.000000,85.300003,86.900002,86.900002,9758524
2017-12-12,86.599998,86.800003,85.599998,86.199997,86.199997,2603224
2017-12-13,85.300003,86.300003,85.300003,86.199997,86.199997,2380897
2017-12-14,86.199997,86.900002,85.400002,85.599998,85.599998,3535478
2017-12-15,86.000000,86.000000,84.199997,84.199997,84.199997,5173182
2017-12-18,84.699997,84.699997,83.300003,84.199997,84.199997,2923950
2017-12-19,84.199997,84.699997,82.699997,82.900002,82.900002,5844530
2017-12-20,83.000000,83.800003,82.599998,83.599998,83.599998,2839551
2017-12-21,84.000000,86.000000,84.000000,85.500000,85.500000,4516087
2017-12-22,85.500000,85.699997,84.500000,85.000000,85.000000,2073815
2017-12-25,85.900002,86.000000,85.000000,85.000000,85.000000,1588290
2017-12-26,85.000000,85.099998,83.599998,83.699997,83.699997,2174879
2017-12-27,84.000000,86.500000,84.000000,86.099998,86.099998,4567216
2017-12-28,86.500000,87.000000,85.699997,86.199997,86.199997,3517260
2017-12-29,86.199997,86.699997,86.099998,86.599998,86.599998,2155797
2018-01-02,86.599998,88.400002,86.199997,87.599998,87.599998,3269220
2018-01-03,87.699997,88.000000,87.199997,87.900002,87.900002,2853724
2018-01-04,89.300003,90.400002,89.000000,90.000000,90.000000,9715575
2018-01-05,90.400002,93.900002,90.199997,93.599998,93.599998,13247532
2018-01-08,94.000000,94.300003,91.800003,93.500000,93.500000,7335043
2018-01-09,93.500000,94.800003,93.000000,94.199997,94.199997,5452999
2018-01-10,94.000000,94.500000,92.699997,92.800003,92.800003,3284358
2018-01-11,94.000000,96.199997,93.300003,95.500000,95.500000,8414067
2018-01-12,94.400002,95.800003,94.199997,95.000000,95.000000,5124239
2018-01-15,96.300003,96.900002,94.699997,95.599998,95.599998,3379427
2018-01-16,94.599998,95.400002,93.599998,93.800003,93.800003,4268907
2018-01-17,93.800003,96.699997,93.800003,96.699997,96.699997,7416621
2018-01-18,97.800003,97.800003,96.000000,96.800003,96.800003,5900635
2018-01-19,96.199997,96.400002,94.800003,95.599998,95.599998,3166896
2018-01-22,95.900002,95.900002,94.400002,95.099998,95.099998,3010716
2018-01-23,95.699997,96.099998,94.800003,95.400002,95.400002,3636005
2018-01-24,96.500000,97.599998,96.000000,97.199997,97.199997,10031431
2018-01-25,97.500000,100.500000,97.300003,100.500000,100.500000,14738951
2018-01-26,102.500000,102.500000,99.000000,99.199997,99.199997,7676984
2018-01-29,99.199997,102.000000,97.300003,97.599998,97.599998,7388178
2018-01-30,97.500000,99.199997,96.599998,97.800003,97.800003,4441323
2018-01-31,97.000000,98.300003,96.099998,98.099998,98.099998,4033023
2018-02-01,98.300003,98.900002,97.599998,98.400002,98.400002,3442449
2018-02-02,97.099998,97.800003,96.199997,96.199997,96.199997,4905223
2018-02-05,93.199997,94.199997,92.599998,93.699997,93.699997,4575204
2018-02-06,90.300003,92.599998,88.000000,90.199997,90.199997,10635122
2018-02-07,92.000000,92.800003,90.599998,90.599998,90.599998,6893169
2018-02-08,92.000000,93.500000,90.800003,93.000000,93.000000,4592494
2018-02-09,88.900002,91.000000,88.800003,90.099998,90.099998,6627320
2018-02-12,90.900002,91.400002,90.300003,90.300003,90.300003,3532891
2018-02-21,93.500000,95.500000,92.000000,94.800003,94.800003,6014515
2018-02-22,95.800003,98.000000,95.099998,97.699997,97.699997,8425362
2018-02-23,98.000000,98.099998,96.699997,96.800003,96.800003,4122022
2018-02-26,95.800003,98.400002,95.800003,97.199997,97.199997,3993014
2018-02-27,98.199997,98.900002,97.800003,98.199997,98.199997,4679097
2018-03-01,98.199997,99.599998,97.300003,99.199997,99.199997,7089628
2018-03-02,97.900002,98.300003,96.400002,96.599998,96.599998,5376184
2018-03-05,97.699997,98.699997,96.500000,97.300003,97.300003,5613273
2018-03-06,98.099998,98.400002,96.400002,96.400002,96.400002,3008559
2018-03-07,96.400002,97.400002,95.400002,95.699997,95.699997,3332289
2018-03-08,96.000000,96.400002,95.500000,95.900002,95.900002,1786696
2018-03-09,96.400002,98.000000,96.199997,97.099998,97.099998,3966345
2018-03-12,99.400002,106.000000,99.400002,105.500000,105.500000,18151201
2018-03-13,104.000000,104.000000,101.500000,103.500000,103.500000,9796121
2018-03-14,102.500000,104.000000,100.000000,101.500000,101.500000,7490810
2018-03-15,102.000000,103.500000,101.500000,102.500000,102.500000,5676817
2018-03-16,104.000000,107.000000,104.000000,107.000000,107.000000,17315885
2018-03-19,108.000000,111.000000,107.000000,107.000000,107.000000,12449250
2018-03-20,107.000000,107.500000,104.500000,105.000000,105.000000,5339438
2018-03-21,106.000000,108.500000,105.000000,107.000000,107.000000,4602783
2018-03-22,105.500000,107.000000,102.500000,103.000000,103.000000,12593195
2018-03-23,100.500000,102.500000,99.900002,101.500000,101.500000,6287976
2018-03-26,100.500000,104.000000,100.500000,103.000000,103.000000,3257281
2018-03-27,105.500000,106.000000,102.000000,103.000000,103.000000,3363610
2018-03-28,103.000000,103.500000,102.000000,103.000000,103.000000,2525665
2018-03-29,102.500000,103.000000,100.000000,100.000000,100.000000,4791914
2018-03-30,101.500000,103.500000,100.500000,103.000000,103.000000,3205054
2018-04-02,105.000000,105.000000,103.000000,103.000000,103.000000,1531854
2018-04-03,102.000000,102.000000,100.000000,100.500000,100.500000,4485969
2018-04-09,102.000000,102.000000,99.000000,99.900002,99.900002,6156596
2018-04-10,100.000000,104.000000,99.800003,103.500000,103.500000,5427386
2018-04-11,105.000000,106.500000,104.000000,105.000000,105.000000,5061692
2018-04-12,106.000000,107.500000,105.500000,106.500000,106.500000,4444747
2018-04-13,106.500000,107.000000,103.500000,104.500000,104.500000,2801668
2018-04-16,105.500000,108.000000,105.000000,105.000000,105.000000,5832156
2018-04-17,105.000000,105.500000,101.000000,102.000000,102.000000,5219277
2018-04-18,103.000000,104.000000,100.500000,102.000000,102.000000,2597050
2018-04-19,102.500000,103.500000,101.500000,103.000000,103.000000,2614466
2018-04-20,103.000000,105.500000,102.000000,104.500000,104.500000,3876363
2018-04-23,104.000000,105.000000,103.000000,104.000000,104.000000,1676870
2018-04-24,107.500000,108.500000,104.000000,104.500000,104.500000,10591307
2018-04-25,104.000000,105.000000,102.500000,104.500000,104.500000,2911256
2018-04-26,105.500000,105.500000,104.000000,104.500000,104.500000,2782279
2018-04-27,105.000000,107.000000,104.500000,107.000000,107.000000,3118238
2018-04-30,108.000000,112.000000,107.000000,109.000000,109.000000,11512729
2018-05-02,109.500000,110.000000,107.500000,108.500000,108.500000,3630059
2018-05-03,108.000000,108.000000,105.000000,105.500000,105.500000,5279854
2018-05-04,105.500000,107.000000,104.500000,106.000000,106.000000,3041169
2018-05-07,107.000000,109.000000,106.500000,107.000000,107.000000,3658001
2018-05-08,107.000000,108.000000,106.000000,108.000000,108.000000,3648306
2018-05-09,108.000000,111.000000,108.000000,109.500000,109.500000,5011390
2018-05-10,110.000000,111.000000,107.500000,109.000000,109.000000,8567285
2018-05-11,110.000000,112.000000,109.500000,112.000000,112.000000,8535550
